id,relatives_id
0,9626.0
1,
2,
3,
4,
5,6636.0
6,
7,
8,
9,
10,
11,
12,
13,
14,
15,
16,
17,
18,
19,
20,
21,
22,
23,
24,
25,
26,
27,
28,
29,
30,
31,2971.0
32,
33,
34,9941.0
35,
36,
37,1286.0
38,
39,
40,
41,
42,8054.0
43,
44,
45,
46,
47,
48,
49,
50,
51,
52,
53,
54,
55,
56,
57,
58,
59,
60,3846.0
61,
62,
63,
64,3587.0
65,
66,
67,2497.0
68,
69,
70,9909.0
71,
72,
73,
74,
75,
76,
77,
78,
79,
80,
81,
82,939.0
83,
84,
85,
86,
87,
88,
89,
90,
91,
92,
93,
94,4135.0
95,
96,
97,
98,
99,363.0
100,
101,
102,
103,
104,
105,
106,
107,
108,
109,
110,
111,
112,
113,
114,
115,
116,
117,
118,
119,9607.0
120,
121,
122,7344.0
123,
124,7420.0
125,
126,
127,
128,
129,
130,
131,
132,
133,4961.0
134,
135,
136,
137,
138,
139,
140,
141,
142,
143,
144,
145,1390.0
146,
147,
148,
149,
150,9180.0
151,
152,
153,
154,
155,
156,
157,
158,
159,
160,
161,
162,
163,2621.0
164,
165,
166,128.0
167,
168,
169,4838.0
170,
171,3219.0
172,
173,7793.0
174,7653.0
175,
176,
177,
178,
179,
180,
181,
182,
183,
184,
185,
186,
187,9658.0
188,
189,
190,
191,5448.0
192,
193,
194,
195,
196,5217.0
197,
198,
199,86.0
200,
201,
202,4147.0
203,
204,4997.0
205,
206,
207,1301.0
208,
209,
210,
211,
212,
213,
214,4383.0
215,
216,
217,1481.0
218,
219,
220,
221,
222,
223,
224,
225,
226,
227,
228,
229,
230,8147.0
231,
232,4069.0
233,
234,
235,
236,
237,2695.0
238,
239,
240,
241,
242,
243,
244,
245,9481.0
246,
247,9788.0
248,
249,
250,
251,
252,1677.0
253,
254,
255,493.0
256,1126.0
257,
258,
259,479.0
260,
261,
262,
263,8571.0
264,
265,
266,
267,
268,4183.0
269,
270,7817.0
271,
272,
273,7248.0
274,
275,
276,
277,
278,
279,
280,
281,
282,4392.0
283,300.0
284,
285,
286,
287,
288,
289,6452.0
290,573.0
291,
292,
293,
294,2326.0
295,
296,
297,
298,
299,
300,
301,
302,9194.0
303,
304,
305,
306,
307,
308,
309,
310,
311,
312,
313,
314,
315,5181.0
316,
317,
318,4184.0
319,
320,
321,
322,
323,
324,
325,
326,
327,
328,
329,6214.0
330,
331,
332,8932.0
333,
334,
335,
336,
337,
338,
339,6140.0
340,7719.0
341,966.0
342,
343,
344,9792.0
345,
346,
347,
348,
349,
350,
351,
352,
353,
354,
355,
356,
357,
358,
359,
360,
361,
362,
363,464.0
364,
365,
366,
367,
368,8533.0
369,
370,
371,
372,
373,7392.0
374,
375,
376,5041.0
377,
378,9949.0
379,
380,
381,8774.0
382,
383,
384,
385,
386,
387,4828.0
388,2208.0
389,2984.0
390,
391,
392,
393,
394,7402.0
395,5612.0
396,
397,
398,
399,
400,
401,
402,2611.0
403,
404,
405,
406,
407,
408,
409,
410,
411,
412,4138.0
413,
414,
415,
416,
417,
418,
419,
420,
421,
422,
423,8745.0
424,2880.0
425,
426,
427,
428,
429,
430,
431,
432,8317.0
433,
434,7318.0
435,
436,
437,
438,
439,
440,9550.0
441,
442,1984.0
443,
444,
445,3496.0
446,
447,
448,
449,
450,720.0
451,8949.0
452,
453,
454,
455,
456,
457,
458,
459,
460,
461,
462,
463,2240.0
464,5434.0
465,
466,
467,
468,971.0
469,
470,
471,
472,
473,
474,
475,
476,
477,
478,
479,
480,
481,
482,
483,
484,
485,4833.0
486,
487,
488,7133.0
489,5461.0
490,
491,
492,850.0
493,
494,7742.0
495,
496,
497,
498,
499,
500,
501,
502,
503,
504,
505,
506,
507,
508,1814.0
509,
510,
511,
512,713.0
513,
514,
515,
516,8955.0
517,
518,
519,6255.0
520,4678.0
521,5577.0
522,
523,
524,
525,1140.0
526,8379.0
527,
528,7950.0
529,
530,
531,
532,
533,
534,
535,
536,
537,
538,8970.0
539,
540,
541,
542,
543,
544,
545,
546,
547,
548,9779.0
549,
550,
551,
552,
553,2972.0
554,
555,5853.0
556,
557,
558,
559,
560,
561,
562,
563,
564,
565,
566,
567,
568,1952.0
569,
570,
571,1884.0
572,
573,7715.0
574,
575,
576,
577,3784.0
578,5835.0
579,
580,
581,4541.0
582,
583,
584,
585,
586,
587,2419.0
588,
589,
590,5451.0
591,
592,
593,
594,
595,
596,
597,
598,9134.0
599,
600,
601,
602,
603,
604,3945.0
605,8781.0
606,4546.0
607,
608,
609,
610,8264.0
611,
612,5880.0
613,
614,3581.0
615,
616,
617,
618,
619,
620,
621,
622,
623,
624,74.0
625,
626,
627,2906.0
628,
629,
630,
631,
632,
633,8673.0
634,
635,1974.0
636,7631.0
637,
638,
639,
640,
641,
642,
643,
644,
645,
646,
647,5888.0
648,
649,
650,
651,
652,
653,
654,
655,
656,
657,
658,
659,
660,1207.0
661,
662,3355.0
663,
664,3681.0
665,
666,
667,2286.0
668,4659.0
669,
670,
671,
672,3332.0
673,
674,3011.0
675,
676,
677,
678,
679,7466.0
680,
681,
682,
683,7433.0
684,
685,
686,
687,
688,
689,
690,8584.0
691,
692,
693,
694,
695,
696,
697,
698,
699,
700,
701,
702,
703,
704,
705,
706,
707,
708,3455.0
709,
710,
711,
712,
713,
714,698.0
715,
716,7380.0
717,1331.0
718,
719,
720,
721,
722,
723,
724,
725,5878.0
726,
727,
728,
729,
730,
731,3984.0
732,
733,3084.0
734,
735,
736,6724.0
737,
738,
739,
740,
741,
742,
743,
744,8533.0
745,
746,
747,
748,
749,2069.0
750,
751,
752,
753,
754,
755,
756,8184.0
757,9850.0
758,
759,
760,
761,
762,
763,
764,
765,
766,7739.0
767,6521.0
768,
769,
770,
771,
772,
773,
774,
775,
776,
777,
778,
779,6510.0
780,1494.0
781,
782,
783,5969.0
784,
785,
786,
787,
788,
789,6594.0
790,
791,
792,
793,
794,
795,
796,
797,
798,
799,7502.0
800,
801,7109.0
802,
803,
804,
805,
806,1249.0
807,
808,
809,
810,2181.0
811,
812,8565.0
813,
814,1259.0
815,
816,
817,
818,
819,
820,
821,1137.0
822,
823,
824,
825,4925.0
826,
827,
828,
829,8150.0
830,
831,
832,
833,
834,4161.0
835,
836,
837,
838,
839,5312.0
840,
841,
842,
843,
844,
845,9795.0
846,
847,
848,
849,
850,
851,
852,
853,
854,8328.0
855,
856,9995.0
857,
858,
859,
860,
861,
862,
863,5032.0
864,
865,
866,
867,
868,996.0
869,
870,
871,
872,
873,
874,
875,
876,6793.0
877,
878,
879,
880,
881,
882,
883,6884.0
884,
885,
886,
887,
888,
889,
890,8349.0
891,
892,
893,570.0
894,
895,
896,
897,7497.0
898,
899,
900,
901,1312.0
902,
903,
904,
905,
906,
907,
908,
909,
910,
911,
912,
913,
914,
915,
916,
917,
918,
919,
920,4049.0
921,
922,4641.0
923,
924,
925,
926,
927,
928,
929,
930,
931,
932,
933,
934,
935,
936,9734.0
937,
938,4996.0
939,
940,
941,
942,
943,
944,
945,1653.0
946,
947,
948,
949,
950,
951,
952,
953,
954,
955,3232.0
956,
957,
958,4066.0
959,
960,
961,1482.0
962,
963,
964,2592.0
965,
966,8213.0
967,
968,
969,
970,
971,
972,
973,
974,
975,
976,
977,
978,
979,
980,
981,
982,8433.0
983,
984,
985,
986,8423.0
987,2573.0
988,
989,
990,
991,
992,
993,
994,
995,
996,3524.0
997,
998,
999,5208.0
1000,
1001,
1002,
1003,
1004,
1005,
1006,
1007,
1008,
1009,986.0
1010,
1011,
1012,
1013,
1014,
1015,
1016,
1017,
1018,3249.0
1019,
1020,
1021,
1022,
1023,
1024,2100.0
1025,
1026,
1027,
1028,1276.0
1029,
1030,5157.0
1031,
1032,6750.0
1033,
1034,9248.0
1035,
1036,891.0
1037,
1038,2957.0
1039,
1040,
1041,
1042,
1043,
1044,
1045,
1046,
1047,
1048,
1049,
1050,6933.0
1051,
1052,
1053,
1054,7394.0
1055,
1056,
1057,
1058,
1059,2117.0
1060,
1061,9852.0
1062,
1063,
1064,
1065,9725.0
1066,
1067,
1068,2609.0
1069,
1070,
1071,3715.0
1072,
1073,
1074,
1075,
1076,
1077,
1078,4538.0
1079,
1080,
1081,
1082,
1083,5495.0
1084,
1085,
1086,2053.0
1087,9525.0
1088,
1089,
1090,
1091,
1092,
1093,3234.0
1094,
1095,3506.0
1096,
1097,
1098,
1099,
1100,
1101,4498.0
1102,
1103,
1104,
1105,
1106,
1107,
1108,
1109,
1110,503.0
1111,
1112,3744.0
1113,
1114,
1115,
1116,
1117,
1118,
1119,
1120,
1121,
1122,
1123,
1124,5878.0
1125,9500.0
1126,
1127,
1128,
1129,
1130,
1131,
1132,
1133,
1134,
1135,
1136,
1137,
1138,6715.0
1139,2225.0
1140,
1141,
1142,1028.0
1143,
1144,
1145,
1146,5810.0
1147,
1148,6846.0
1149,2781.0
1150,
1151,
1152,
1153,
1154,
1155,
1156,3774.0
1157,
1158,
1159,2924.0
1160,1152.0
1161,
1162,
1163,
1164,
1165,6657.0
1166,
1167,
1168,
1169,
1170,3669.0
1171,2623.0
1172,
1173,
1174,4089.0
1175,
1176,
1177,
1178,
1179,
1180,
1181,3036.0
1182,
1183,
1184,5377.0
1185,
1186,
1187,
1188,
1189,
1190,5596.0
1191,5357.0
1192,
1193,
1194,
1195,
1196,
1197,
1198,
1199,
1200,
1201,
1202,
1203,
1204,
1205,
1206,
1207,
1208,
1209,
1210,
1211,
1212,
1213,
1214,
1215,
1216,
1217,
1218,
1219,
1220,
1221,
1222,
1223,
1224,
1225,
1226,
1227,
1228,
1229,
1230,
1231,
1232,5040.0
1233,
1234,
1235,3233.0
1236,
1237,4820.0
1238,
1239,
1240,2591.0
1241,
1242,
1243,
1244,
1245,
1246,
1247,
1248,
1249,
1250,
1251,
1252,
1253,7617.0
1254,
1255,
1256,
1257,
1258,
1259,
1260,
1261,
1262,701.0
1263,
1264,
1265,
1266,
1267,7342.0
1268,
1269,
1270,
1271,
1272,
1273,
1274,5918.0
1275,
1276,
1277,
1278,
1279,
1280,2534.0
1281,2979.0
1282,7861.0
1283,
1284,
1285,
1286,
1287,
1288,
1289,
1290,340.0
1291,
1292,
1293,
1294,
1295,
1296,
1297,
1298,
1299,
1300,
1301,
1302,
1303,5296.0
1304,
1305,
1306,
1307,2151.0
1308,
1309,
1310,
1311,
1312,
1313,
1314,
1315,
1316,7941.0
1317,
1318,
1319,
1320,
1321,
1322,5954.0
1323,
1324,
1325,
1326,
1327,
1328,935.0
1329,
1330,
1331,
1332,
1333,
1334,
1335,2352.0
1336,
1337,
1338,
1339,
1340,
1341,9740.0
1342,
1343,
1344,
1345,
1346,
1347,
1348,
1349,
1350,
1351,
1352,
1353,
1354,
1355,
1356,
1357,
1358,
1359,
1360,
1361,
1362,
1363,9663.0
1364,187.0
1365,
1366,
1367,
1368,
1369,4118.0
1370,
1371,
1372,
1373,
1374,
1375,
1376,6905.0
1377,
1378,6753.0
1379,9429.0
1380,
1381,
1382,
1383,
1384,
1385,
1386,
1387,
1388,4925.0
1389,3554.0
1390,
1391,
1392,
1393,
1394,
1395,
1396,
1397,
1398,
1399,
1400,
1401,
1402,
1403,
1404,
1405,
1406,
1407,9095.0
1408,
1409,
1410,
1411,
1412,
1413,
1414,
1415,2394.0
1416,
1417,
1418,
1419,
1420,7800.0
1421,
1422,
1423,
1424,
1425,
1426,
1427,
1428,
1429,
1430,2900.0
1431,
1432,
1433,4531.0
1434,
1435,
1436,
1437,
1438,
1439,
1440,
1441,
1442,
1443,3060.0
1444,8350.0
1445,
1446,
1447,
1448,
1449,
1450,
1451,
1452,
1453,
1454,3139.0
1455,
1456,335.0
1457,
1458,
1459,
1460,
1461,
1462,4826.0
1463,8211.0
1464,
1465,
1466,
1467,
1468,
1469,
1470,
1471,
1472,3281.0
1473,
1474,
1475,
1476,
1477,
1478,
1479,
1480,6397.0
1481,7581.0
1482,
1483,
1484,
1485,
1486,
1487,
1488,
1489,
1490,
1491,9827.0
1492,
1493,
1494,
1495,8793.0
1496,
1497,
1498,
1499,
1500,
1501,
1502,
1503,
1504,
1505,
1506,
1507,
1508,
1509,
1510,
1511,
1512,
1513,
1514,
1515,5039.0
1516,
1517,
1518,
1519,
1520,
1521,2700.0
1522,3147.0
1523,
1524,
1525,
1526,5811.0
1527,
1528,
1529,
1530,
1531,5952.0
1532,
1533,
1534,
1535,6063.0
1536,
1537,
1538,
1539,
1540,
1541,
1542,4703.0
1543,
1544,
1545,
1546,
1547,
1548,
1549,
1550,
1551,
1552,
1553,
1554,
1555,
1556,
1557,
1558,5718.0
1559,
1560,
1561,
1562,
1563,
1564,
1565,
1566,8729.0
1567,
1568,
1569,
1570,2115.0
1571,
1572,
1573,
1574,
1575,635.0
1576,
1577,
1578,
1579,
1580,
1581,6553.0
1582,
1583,
1584,
1585,
1586,1319.0
1587,
1588,
1589,
1590,
1591,1281.0
1592,
1593,8520.0
1594,8620.0
1595,
1596,
1597,
1598,
1599,5939.0
1600,6240.0
1601,
1602,
1603,
1604,5479.0
1605,
1606,
1607,8418.0
1608,2953.0
1609,
1610,
1611,
1612,
1613,
1614,
1615,
1616,
1617,
1618,3662.0
1619,
1620,
1621,
1622,657.0
1623,
1624,
1625,7882.0
1626,1547.0
1627,
1628,9501.0
1629,
1630,
1631,6821.0
1632,
1633,
1634,6062.0
1635,
1636,2880.0
1637,5812.0
1638,
1639,7670.0
1640,
1641,5877.0
1642,
1643,
1644,
1645,
1646,3111.0
1647,
1648,
1649,
1650,4689.0
1651,
1652,
1653,1599.0
1654,6661.0
1655,
1656,
1657,6709.0
1658,
1659,
1660,
1661,
1662,
1663,
1664,
1665,
1666,
1667,2689.0
1668,
1669,
1670,
1671,
1672,
1673,
1674,
1675,
1676,1075.0
1677,9175.0
1678,
1679,
1680,
1681,
1682,
1683,
1684,445.0
1685,
1686,
1687,6882.0
1688,
1689,
1690,
1691,
1692,
1693,
1694,7862.0
1695,
1696,2633.0
1697,
1698,
1699,
1700,
1701,
1702,
1703,
1704,
1705,
1706,4606.0
1707,
1708,
1709,
1710,2476.0
1711,
1712,
1713,
1714,
1715,
1716,
1717,
1718,
1719,
1720,
1721,
1722,
1723,
1724,868.0
1725,
1726,
1727,
1728,
1729,
1730,
1731,
1732,
1733,5025.0
1734,3062.0
1735,
1736,
1737,3669.0
1738,
1739,2927.0
1740,
1741,
1742,2693.0
1743,
1744,
1745,
1746,6923.0
1747,6349.0
1748,
1749,
1750,4640.0
1751,
1752,5512.0
1753,
1754,
1755,
1756,
1757,4347.0
1758,
1759,
1760,
1761,
1762,
1763,
1764,7385.0
1765,
1766,
1767,
1768,346.0
1769,
1770,
1771,
1772,
1773,
1774,
1775,
1776,
1777,
1778,
1779,
1780,
1781,
1782,
1783,
1784,7730.0
1785,
1786,
1787,
1788,
1789,
1790,
1791,
1792,4100.0
1793,
1794,3452.0
1795,8189.0
1796,
1797,
1798,
1799,
1800,
1801,
1802,
1803,
1804,
1805,
1806,
1807,9641.0
1808,
1809,
1810,
1811,
1812,7041.0
1813,
1814,
1815,
1816,
1817,
1818,7196.0
1819,
1820,5454.0
1821,
1822,60.0
1823,
1824,
1825,
1826,
1827,
1828,5726.0
1829,
1830,
1831,6674.0
1832,770.0
1833,
1834,6234.0
1835,667.0
1836,6905.0
1837,
1838,
1839,
1840,
1841,
1842,
1843,
1844,
1845,
1846,
1847,
1848,
1849,
1850,
1851,
1852,5647.0
1853,
1854,6022.0
1855,1095.0
1856,
1857,
1858,
1859,
1860,
1861,
1862,
1863,
1864,
1865,
1866,6712.0
1867,
1868,
1869,
1870,
1871,206.0
1872,
1873,
1874,9586.0
1875,
1876,5430.0
1877,
1878,
1879,
1880,
1881,
1882,7766.0
1883,
1884,
1885,
1886,
1887,4324.0
1888,6219.0
1889,
1890,
1891,7508.0
1892,
1893,
1894,
1895,
1896,
1897,
1898,
1899,2853.0
1900,
1901,
1902,
1903,
1904,
1905,9255.0
1906,6514.0
1907,
1908,
1909,
1910,
1911,
1912,
1913,
1914,
1915,
1916,108.0
1917,9483.0
1918,
1919,
1920,
1921,5019.0
1922,
1923,
1924,2323.0
1925,
1926,9484.0
1927,
1928,
1929,
1930,9822.0
1931,847.0
1932,
1933,
1934,4265.0
1935,
1936,
1937,
1938,
1939,
1940,
1941,
1942,
1943,
1944,
1945,
1946,
1947,
1948,
1949,5845.0
1950,
1951,
1952,
1953,
1954,830.0
1955,
1956,
1957,
1958,
1959,
1960,
1961,
1962,
1963,
1964,
1965,
1966,
1967,
1968,
1969,
1970,
1971,
1972,
1973,9361.0
1974,
1975,
1976,
1977,3155.0
1978,
1979,
1980,5861.0
1981,6310.0
1982,1246.0
1983,
1984,
1985,8112.0
1986,
1987,
1988,
1989,
1990,
1991,4956.0
1992,
1993,9098.0
1994,
1995,
1996,
1997,
1998,
1999,
2000,
2001,
2002,
2003,
2004,
2005,5992.0
2006,5441.0
2007,
2008,
2009,
2010,
2011,
2012,
2013,
2014,
2015,
2016,
2017,
2018,7897.0
2019,
2020,5495.0
2021,
2022,9858.0
2023,
2024,6065.0
2025,
2026,4984.0
2027,
2028,6698.0
2029,
2030,
2031,
2032,
2033,
2034,
2035,
2036,3767.0
2037,
2038,2530.0
2039,7768.0
2040,
2041,
2042,
2043,
2044,
2045,4692.0
2046,
2047,
2048,
2049,
2050,724.0
2051,
2052,
2053,
2054,
2055,
2056,
2057,
2058,
2059,7671.0
2060,
2061,1632.0
2062,5247.0
2063,
2064,
2065,
2066,3228.0
2067,
2068,8349.0
2069,
2070,
2071,
2072,4676.0
2073,7446.0
2074,
2075,6545.0
2076,8190.0
2077,455.0
2078,
2079,2305.0
2080,
2081,
2082,5619.0
2083,
2084,
2085,
2086,
2087,
2088,
2089,
2090,
2091,
2092,8451.0
2093,
2094,
2095,
2096,
2097,
2098,
2099,7746.0
2100,
2101,
2102,8128.0
2103,
2104,
2105,
2106,
2107,
2108,
2109,
2110,
2111,
2112,
2113,
2114,1629.0
2115,
2116,
2117,9629.0
2118,
2119,
2120,
2121,
2122,
2123,
2124,
2125,
2126,5751.0
2127,9274.0
2128,
2129,418.0
2130,
2131,
2132,7965.0
2133,
2134,
2135,533.0
2136,
2137,409.0
2138,
2139,
2140,
2141,
2142,
2143,
2144,
2145,354.0
2146,
2147,
2148,
2149,
2150,
2151,459.0
2152,9667.0
2153,
2154,
2155,
2156,3077.0
2157,
2158,
2159,
2160,
2161,9591.0
2162,
2163,
2164,
2165,
2166,
2167,
2168,
2169,
2170,
2171,
2172,
2173,3145.0
2174,5115.0
2175,
2176,
2177,2367.0
2178,
2179,
2180,
2181,
2182,
2183,
2184,
2185,
2186,
2187,
2188,
2189,
2190,
2191,5283.0
2192,
2193,5757.0
2194,
2195,3853.0
2196,
2197,
2198,
2199,
2200,
2201,8700.0
2202,1440.0
2203,4438.0
2204,
2205,
2206,
2207,
2208,
2209,7362.0
2210,279.0
2211,
2212,
2213,
2214,
2215,
2216,
2217,
2218,
2219,
2220,
2221,9608.0
2222,
2223,
2224,6866.0
2225,
2226,6515.0
2227,
2228,
2229,
2230,1826.0
2231,
2232,7175.0
2233,
2234,210.0
2235,8380.0
2236,
2237,
2238,
2239,
2240,
2241,4583.0
2242,
2243,344.0
2244,1232.0
2245,
2246,
2247,
2248,
2249,
2250,
2251,8561.0
2252,
2253,8823.0
2254,
2255,
2256,
2257,
2258,
2259,
2260,
2261,
2262,6387.0
2263,
2264,
2265,
2266,
2267,
2268,6287.0
2269,
2270,
2271,
2272,
2273,
2274,8424.0
2275,
2276,
2277,
2278,
2279,
2280,1431.0
2281,9905.0
2282,2170.0
2283,
2284,
2285,
2286,
2287,
2288,1499.0
2289,
2290,4879.0
2291,5442.0
2292,
2293,
2294,
2295,
2296,
2297,
2298,
2299,3101.0
2300,8011.0
2301,
2302,5377.0
2303,2910.0
2304,4549.0
2305,
2306,
2307,4386.0
2308,
2309,
2310,
2311,
2312,
2313,
2314,
2315,
2316,
2317,
2318,5499.0
2319,
2320,
2321,
2322,
2323,
2324,5852.0
2325,
2326,
2327,8836.0
2328,
2329,
2330,
2331,
2332,
2333,
2334,
2335,6352.0
2336,1777.0
2337,
2338,
2339,4024.0
2340,
2341,
2342,7141.0
2343,5474.0
2344,9955.0
2345,
2346,
2347,
2348,8347.0
2349,
2350,
2351,
2352,
2353,
2354,
2355,8939.0
2356,
2357,
2358,
2359,
2360,9541.0
2361,6147.0
2362,
2363,
2364,
2365,
2366,
2367,
2368,
2369,
2370,504.0
2371,
2372,6210.0
2373,
2374,
2375,
2376,
2377,
2378,
2379,
2380,
2381,3480.0
2382,
2383,
2384,
2385,
2386,
2387,
2388,5068.0
2389,
2390,
2391,
2392,
2393,
2394,
2395,
2396,
2397,
2398,
2399,
2400,
2401,6061.0
2402,
2403,
2404,100.0
2405,
2406,
2407,
2408,5202.0
2409,
2410,
2411,8252.0
2412,4947.0
2413,6219.0
2414,
2415,
2416,
2417,
2418,
2419,
2420,
2421,
2422,7618.0
2423,7641.0
2424,
2425,
2426,
2427,
2428,
2429,3507.0
2430,3806.0
2431,
2432,
2433,
2434,7300.0
2435,
2436,
2437,
2438,1072.0
2439,
2440,
2441,
2442,
2443,795.0
2444,
2445,5593.0
2446,
2447,
2448,
2449,7579.0
2450,
2451,
2452,
2453,
2454,
2455,
2456,
2457,
2458,1869.0
2459,
2460,4189.0
2461,
2462,5703.0
2463,
2464,9236.0
2465,
2466,
2467,
2468,
2469,
2470,
2471,7484.0
2472,
2473,
2474,
2475,
2476,
2477,
2478,
2479,
2480,
2481,
2482,9108.0
2483,
2484,
2485,
2486,
2487,
2488,
2489,
2490,
2491,
2492,8053.0
2493,
2494,
2495,
2496,1790.0
2497,
2498,
2499,
2500,
2501,
2502,3033.0
2503,
2504,
2505,
2506,4439.0
2507,
2508,
2509,
2510,1411.0
2511,
2512,2090.0
2513,
2514,
2515,
2516,
2517,
2518,
2519,3418.0
2520,112.0
2521,
2522,1790.0
2523,
2524,
2525,
2526,
2527,
2528,
2529,
2530,
2531,
2532,
2533,
2534,1713.0
2535,
2536,
2537,
2538,
2539,
2540,
2541,
2542,
2543,
2544,
2545,
2546,
2547,
2548,
2549,8512.0
2550,
2551,
2552,
2553,
2554,
2555,
2556,
2557,
2558,
2559,
2560,
2561,
2562,4839.0
2563,
2564,6373.0
2565,
2566,
2567,
2568,4024.0
2569,9627.0
2570,
2571,
2572,6740.0
2573,4218.0
2574,
2575,
2576,
2577,612.0
2578,
2579,
2580,
2581,
2582,
2583,2827.0
2584,
2585,
2586,
2587,
2588,
2589,
2590,
2591,
2592,
2593,5264.0
2594,
2595,
2596,5098.0
2597,
2598,
2599,1776.0
2600,
2601,
2602,
2603,
2604,9597.0
2605,
2606,
2607,
2608,
2609,403.0
2610,
2611,1185.0
2612,
2613,
2614,
2615,
2616,
2617,5426.0
2618,
2619,
2620,
2621,
2622,
2623,
2624,
2625,
2626,530.0
2627,
2628,
2629,
2630,3263.0
2631,6707.0
2632,
2633,
2634,
2635,7136.0
2636,
2637,
2638,
2639,1647.0
2640,
2641,
2642,
2643,6858.0
2644,
2645,
2646,
2647,
2648,
2649,
2650,
2651,
2652,
2653,
2654,
2655,3275.0
2656,
2657,
2658,
2659,
2660,
2661,
2662,
2663,
2664,8365.0
2665,
2666,
2667,
2668,
2669,
2670,7001.0
2671,
2672,7441.0
2673,
2674,
2675,
2676,
2677,
2678,
2679,
2680,
2681,
2682,
2683,
2684,
2685,583.0
2686,
2687,
2688,
2689,
2690,4089.0
2691,
2692,6398.0
2693,3867.0
2694,
2695,5215.0
2696,
2697,
2698,
2699,
2700,
2701,
2702,
2703,
2704,
2705,
2706,
2707,
2708,
2709,
2710,
2711,
2712,
2713,
2714,
2715,
2716,
2717,8688.0
2718,
2719,
2720,
2721,
2722,
2723,
2724,
2725,
2726,
2727,
2728,
2729,3197.0
2730,
2731,
2732,
2733,
2734,
2735,8004.0
2736,
2737,
2738,
2739,
2740,
2741,
2742,
2743,
2744,
2745,
2746,
2747,
2748,
2749,8331.0
2750,
2751,
2752,
2753,
2754,
2755,
2756,
2757,7774.0
2758,
2759,
2760,
2761,
2762,4844.0
2763,
2764,482.0
2765,
2766,
2767,
2768,
2769,
2770,
2771,
2772,
2773,
2774,
2775,
2776,
2777,
2778,
2779,
2780,
2781,
2782,
2783,
2784,
2785,4508.0
2786,
2787,6975.0
2788,
2789,
2790,
2791,2800.0
2792,3701.0
2793,
2794,
2795,
2796,
2797,
2798,
2799,
2800,
2801,
2802,
2803,2613.0
2804,6069.0
2805,
2806,
2807,
2808,9745.0
2809,8019.0
2810,
2811,
2812,
2813,
2814,
2815,
2816,
2817,
2818,
2819,
2820,273.0
2821,
2822,
2823,
2824,
2825,5707.0
2826,
2827,
2828,
2829,1311.0
2830,2159.0
2831,
2832,9548.0
2833,7571.0
2834,
2835,
2836,
2837,2124.0
2838,
2839,
2840,
2841,
2842,7731.0
2843,
2844,
2845,
2846,
2847,
2848,
2849,
2850,
2851,
2852,
2853,
2854,4470.0
2855,
2856,
2857,
2858,
2859,
2860,1378.0
2861,3718.0
2862,
2863,
2864,2850.0
2865,
2866,
2867,
2868,
2869,
2870,
2871,4008.0
2872,
2873,4269.0
2874,
2875,
2876,8706.0
2877,7146.0
2878,
2879,
2880,
2881,8280.0
2882,5725.0
2883,
2884,
2885,5886.0
2886,
2887,2712.0
2888,
2889,
2890,
2891,
2892,
2893,
2894,
2895,
2896,
2897,
2898,7865.0
2899,6870.0
2900,8691.0
2901,
2902,
2903,
2904,
2905,
2906,
2907,
2908,
2909,
2910,
2911,6812.0
2912,
2913,
2914,6704.0
2915,
2916,
2917,
2918,
2919,
2920,
2921,1835.0
2922,6048.0
2923,
2924,
2925,
2926,1638.0
2927,3864.0
2928,
2929,
2930,
2931,
2932,
2933,
2934,
2935,
2936,
2937,
2938,
2939,
2940,
2941,
2942,
2943,3033.0
2944,
2945,
2946,5358.0
2947,90.0
2948,
2949,
2950,
2951,
2952,
2953,
2954,7224.0
2955,9355.0
2956,
2957,
2958,742.0
2959,
2960,605.0
2961,
2962,
2963,
2964,
2965,
2966,
2967,6837.0
2968,
2969,1738.0
2970,
2971,
2972,
2973,
2974,
2975,396.0
2976,
2977,
2978,
2979,
2980,
2981,
2982,9539.0
2983,
2984,
2985,
2986,
2987,
2988,
2989,3829.0
2990,5942.0
2991,2926.0
2992,
2993,
2994,
2995,
2996,
2997,
2998,
2999,
3000,
3001,8106.0
3002,
3003,
3004,
3005,
3006,
3007,
3008,
3009,
3010,
3011,
3012,
3013,5263.0
3014,4785.0
3015,
3016,
3017,
3018,
3019,
3020,
3021,1397.0
3022,
3023,
3024,
3025,
3026,
3027,
3028,
3029,3939.0
3030,
3031,
3032,
3033,
3034,
3035,
3036,
3037,
3038,
3039,
3040,
3041,
3042,
3043,6038.0
3044,
3045,8279.0
3046,3165.0
3047,4689.0
3048,
3049,871.0
3050,
3051,
3052,
3053,
3054,3003.0
3055,6544.0
3056,
3057,
3058,1160.0
3059,
3060,
3061,2231.0
3062,
3063,
3064,
3065,
3066,
3067,
3068,
3069,
3070,
3071,
3072,
3073,
3074,
3075,6615.0
3076,
3077,
3078,5998.0
3079,2411.0
3080,
3081,
3082,
3083,
3084,
3085,
3086,2112.0
3087,
3088,6716.0
3089,
3090,
3091,1879.0
3092,
3093,
3094,3325.0
3095,
3096,
3097,
3098,7009.0
3099,
3100,
3101,
3102,
3103,
3104,7104.0
3105,
3106,
3107,2662.0
3108,
3109,
3110,
3111,
3112,
3113,
3114,1755.0
3115,5721.0
3116,
3117,
3118,
3119,4733.0
3120,
3121,
3122,
3123,
3124,
3125,
3126,
3127,1869.0
3128,
3129,
3130,
3131,
3132,5709.0
3133,
3134,
3135,
3136,
3137,
3138,7541.0
3139,
3140,
3141,9752.0
3142,
3143,
3144,
3145,
3146,2081.0
3147,
3148,
3149,
3150,
3151,
3152,
3153,
3154,2323.0
3155,2005.0
3156,
3157,5193.0
3158,
3159,
3160,
3161,
3162,
3163,
3164,6945.0
3165,
3166,
3167,
3168,
3169,8051.0
3170,1768.0
3171,
3172,6194.0
3173,
3174,
3175,
3176,
3177,
3178,1424.0
3179,
3180,
3181,
3182,
3183,
3184,
3185,
3186,
3187,
3188,
3189,6005.0
3190,
3191,
3192,1296.0
3193,
3194,
3195,7578.0
3196,
3197,
3198,
3199,
3200,
3201,
3202,
3203,
3204,
3205,
3206,
3207,
3208,
3209,
3210,
3211,
3212,
3213,
3214,
3215,
3216,
3217,
3218,
3219,
3220,8950.0
3221,
3222,
3223,
3224,
3225,
3226,
3227,
3228,
3229,
3230,
3231,
3232,
3233,
3234,
3235,
3236,
3237,
3238,4682.0
3239,
3240,
3241,
3242,1475.0
3243,
3244,
3245,3602.0
3246,
3247,
3248,
3249,
3250,
3251,976.0
3252,4144.0
3253,
3254,1420.0
3255,
3256,
3257,
3258,
3259,731.0
3260,
3261,
3262,
3263,
3264,
3265,
3266,
3267,
3268,4846.0
3269,
3270,
3271,
3272,5894.0
3273,
3274,
3275,
3276,
3277,490.0
3278,
3279,
3280,
3281,
3282,
3283,
3284,
3285,8246.0
3286,
3287,9863.0
3288,
3289,6062.0
3290,
3291,
3292,
3293,
3294,
3295,
3296,
3297,8383.0
3298,
3299,
3300,
3301,
3302,
3303,
3304,
3305,
3306,
3307,
3308,
3309,
3310,
3311,
3312,
3313,
3314,
3315,1051.0
3316,
3317,
3318,
3319,1798.0
3320,
3321,
3322,
3323,
3324,
3325,
3326,
3327,2743.0
3328,2892.0
3329,
3330,
3331,
3332,7625.0
3333,
3334,
3335,
3336,
3337,
3338,
3339,
3340,
3341,
3342,
3343,
3344,
3345,
3346,
3347,
3348,8910.0
3349,
3350,7773.0
3351,8763.0
3352,
3353,6979.0
3354,2059.0
3355,
3356,
3357,
3358,1164.0
3359,
3360,
3361,
3362,
3363,
3364,
3365,6625.0
3366,
3367,
3368,
3369,5898.0
3370,
3371,
3372,
3373,
3374,
3375,
3376,
3377,
3378,
3379,
3380,
3381,
3382,
3383,8676.0
3384,
3385,
3386,
3387,
3388,2922.0
3389,
3390,7565.0
3391,
3392,
3393,
3394,
3395,5571.0
3396,
3397,
3398,
3399,
3400,
3401,
3402,
3403,
3404,
3405,8429.0
3406,
3407,2891.0
3408,
3409,
3410,
3411,
3412,
3413,
3414,
3415,
3416,
3417,
3418,
3419,
3420,
3421,624.0
3422,
3423,9461.0
3424,
3425,
3426,
3427,
3428,
3429,
3430,
3431,
3432,
3433,
3434,
3435,
3436,
3437,
3438,8748.0
3439,2034.0
3440,1043.0
3441,
3442,
3443,
3444,9187.0
3445,
3446,
3447,
3448,4812.0
3449,9911.0
3450,
3451,
3452,
3453,
3454,
3455,
3456,
3457,3368.0
3458,
3459,
3460,
3461,
3462,
3463,
3464,
3465,
3466,
3467,2885.0
3468,
3469,
3470,
3471,
3472,
3473,
3474,
3475,9967.0
3476,
3477,
3478,
3479,7335.0
3480,5431.0
3481,
3482,1053.0
3483,
3484,
3485,
3486,
3487,
3488,
3489,
3490,
3491,
3492,
3493,
3494,
3495,
3496,6809.0
3497,
3498,
3499,8730.0
3500,4966.0
3501,6757.0
3502,
3503,
3504,
3505,
3506,
3507,8644.0
3508,
3509,
3510,
3511,
3512,
3513,
3514,
3515,
3516,4562.0
3517,
3518,
3519,5337.0
3520,
3521,
3522,5677.0
3523,
3524,
3525,
3526,
3527,7496.0
3528,
3529,8879.0
3530,
3531,
3532,
3533,
3534,4614.0
3535,
3536,
3537,
3538,
3539,3575.0
3540,
3541,
3542,
3543,876.0
3544,
3545,
3546,
3547,
3548,
3549,
3550,
3551,
3552,
3553,
3554,
3555,
3556,
3557,
3558,
3559,8137.0
3560,
3561,
3562,
3563,7327.0
3564,6202.0
3565,
3566,141.0
3567,
3568,
3569,6876.0
3570,
3571,3743.0
3572,3270.0
3573,
3574,
3575,
3576,
3577,3024.0
3578,9866.0
3579,
3580,
3581,
3582,
3583,
3584,
3585,
3586,
3587,
3588,
3589,
3590,
3591,
3592,
3593,
3594,
3595,7881.0
3596,
3597,
3598,
3599,
3600,
3601,
3602,
3603,
3604,
3605,3750.0
3606,
3607,
3608,5302.0
3609,
3610,
3611,
3612,
3613,
3614,
3615,
3616,
3617,
3618,
3619,
3620,
3621,
3622,
3623,
3624,
3625,
3626,
3627,
3628,
3629,5406.0
3630,
3631,
3632,
3633,4967.0
3634,
3635,
3636,4350.0
3637,
3638,
3639,8792.0
3640,945.0
3641,2357.0
3642,
3643,6048.0
3644,7524.0
3645,
3646,
3647,
3648,
3649,
3650,
3651,
3652,
3653,
3654,
3655,6860.0
3656,
3657,
3658,
3659,3431.0
3660,
3661,
3662,8555.0
3663,
3664,
3665,
3666,
3667,
3668,
3669,
3670,
3671,
3672,5033.0
3673,
3674,
3675,2518.0
3676,
3677,
3678,
3679,
3680,
3681,5649.0
3682,
3683,
3684,
3685,
3686,
3687,7946.0
3688,
3689,6931.0
3690,7609.0
3691,9150.0
3692,6886.0
3693,
3694,
3695,
3696,
3697,4015.0
3698,
3699,6132.0
3700,
3701,
3702,
3703,
3704,
3705,
3706,9638.0
3707,
3708,3493.0
3709,
3710,
3711,
3712,532.0
3713,
3714,
3715,
3716,
3717,
3718,3450.0
3719,
3720,4088.0
3721,
3722,
3723,
3724,647.0
3725,
3726,
3727,5393.0
3728,
3729,
3730,
3731,
3732,
3733,
3734,809.0
3735,
3736,
3737,3062.0
3738,
3739,
3740,
3741,
3742,
3743,
3744,
3745,
3746,
3747,
3748,
3749,
3750,
3751,
3752,
3753,
3754,
3755,
3756,
3757,
3758,
3759,
3760,
3761,
3762,
3763,5403.0
3764,
3765,
3766,
3767,
3768,18.0
3769,213.0
3770,
3771,
3772,6430.0
3773,6554.0
3774,
3775,
3776,8904.0
3777,
3778,328.0
3779,
3780,
3781,
3782,
3783,
3784,
3785,7238.0
3786,
3787,
3788,
3789,
3790,
3791,
3792,
3793,
3794,
3795,
3796,
3797,
3798,
3799,
3800,
3801,
3802,438.0
3803,
3804,
3805,
3806,9544.0
3807,
3808,
3809,
3810,
3811,
3812,5827.0
3813,
3814,
3815,
3816,6865.0
3817,
3818,
3819,
3820,
3821,
3822,
3823,
3824,
3825,
3826,2691.0
3827,
3828,
3829,1321.0
3830,
3831,
3832,
3833,
3834,
3835,6422.0
3836,
3837,
3838,
3839,
3840,2242.0
3841,
3842,
3843,4412.0
3844,
3845,
3846,4826.0
3847,
3848,
3849,
3850,
3851,
3852,
3853,
3854,
3855,
3856,
3857,
3858,8533.0
3859,
3860,5398.0
3861,
3862,2947.0
3863,
3864,1101.0
3865,4308.0
3866,
3867,5322.0
3868,
3869,
3870,
3871,
3872,5669.0
3873,
3874,
3875,
3876,
3877,5796.0
3878,
3879,
3880,
3881,
3882,
3883,
3884,
3885,
3886,
3887,
3888,
3889,
3890,
3891,
3892,
3893,
3894,
3895,
3896,
3897,
3898,
3899,
3900,
3901,
3902,7535.0
3903,
3904,
3905,6000.0
3906,
3907,
3908,
3909,
3910,
3911,
3912,
3913,578.0
3914,
3915,
3916,
3917,
3918,
3919,
3920,
3921,9360.0
3922,
3923,
3924,643.0
3925,
3926,
3927,
3928,
3929,
3930,8682.0
3931,
3932,
3933,
3934,
3935,9506.0
3936,
3937,
3938,
3939,3707.0
3940,
3941,
3942,
3943,
3944,
3945,5491.0
3946,
3947,
3948,7559.0
3949,7872.0
3950,
3951,
3952,
3953,
3954,1907.0
3955,
3956,
3957,
3958,
3959,
3960,
3961,
3962,7017.0
3963,
3964,
3965,7778.0
3966,1410.0
3967,3731.0
3968,
3969,
3970,
3971,3042.0
3972,6895.0
3973,
3974,
3975,
3976,
3977,
3978,
3979,
3980,
3981,9574.0
3982,1343.0
3983,
3984,
3985,
3986,8030.0
3987,
3988,
3989,
3990,
3991,
3992,
3993,
3994,
3995,9301.0
3996,3952.0
3997,6134.0
3998,
3999,
4000,922.0
4001,
4002,
4003,
4004,
4005,
4006,6003.0
4007,
4008,
4009,
4010,
4011,
4012,3646.0
4013,
4014,
4015,
4016,7505.0
4017,
4018,4387.0
4019,
4020,
4021,
4022,
4023,
4024,
4025,
4026,
4027,3845.0
4028,
4029,
4030,
4031,
4032,
4033,
4034,8341.0
4035,8664.0
4036,
4037,3036.0
4038,
4039,
4040,
4041,3600.0
4042,
4043,
4044,
4045,
4046,
4047,
4048,
4049,
4050,
4051,
4052,2675.0
4053,
4054,
4055,5232.0
4056,2907.0
4057,
4058,
4059,4152.0
4060,
4061,
4062,
4063,
4064,
4065,
4066,
4067,
4068,
4069,
4070,
4071,7765.0
4072,
4073,
4074,
4075,
4076,
4077,
4078,
4079,
4080,
4081,
4082,8232.0
4083,
4084,
4085,
4086,
4087,7119.0
4088,5597.0
4089,
4090,
4091,
4092,
4093,
4094,
4095,
4096,9712.0
4097,
4098,
4099,4523.0
4100,
4101,
4102,1709.0
4103,
4104,
4105,
4106,
4107,
4108,
4109,
4110,
4111,
4112,
4113,
4114,
4115,
4116,
4117,
4118,
4119,
4120,
4121,
4122,
4123,4151.0
4124,9935.0
4125,
4126,5239.0
4127,8521.0
4128,
4129,
4130,
4131,
4132,9781.0
4133,
4134,
4135,
4136,
4137,
4138,
4139,
4140,
4141,
4142,
4143,
4144,
4145,
4146,
4147,
4148,1756.0
4149,
4150,
4151,
4152,
4153,3833.0
4154,
4155,
4156,
4157,
4158,
4159,
4160,5506.0
4161,
4162,3410.0
4163,
4164,
4165,
4166,
4167,
4168,
4169,
4170,
4171,
4172,
4173,2697.0
4174,
4175,
4176,2645.0
4177,
4178,
4179,
4180,
4181,
4182,
4183,
4184,
4185,
4186,
4187,
4188,
4189,
4190,
4191,
4192,
4193,
4194,
4195,
4196,
4197,
4198,
4199,
4200,
4201,
4202,9250.0
4203,2347.0
4204,89.0
4205,
4206,
4207,
4208,
4209,
4210,
4211,
4212,
4213,203.0
4214,
4215,
4216,
4217,
4218,4180.0
4219,
4220,2622.0
4221,
4222,
4223,
4224,
4225,
4226,
4227,
4228,
4229,9236.0
4230,
4231,
4232,
4233,
4234,
4235,
4236,
4237,3563.0
4238,
4239,
4240,
4241,
4242,
4243,
4244,
4245,
4246,
4247,
4248,
4249,6497.0
4250,
4251,
4252,
4253,3321.0
4254,
4255,
4256,4647.0
4257,
4258,8033.0
4259,
4260,
4261,
4262,5108.0
4263,
4264,
4265,
4266,
4267,
4268,
4269,
4270,
4271,
4272,
4273,
4274,
4275,8205.0
4276,7695.0
4277,
4278,8140.0
4279,319.0
4280,3096.0
4281,8903.0
4282,
4283,
4284,
4285,
4286,1843.0
4287,
4288,
4289,
4290,
4291,
4292,
4293,
4294,
4295,
4296,
4297,
4298,
4299,
4300,6186.0
4301,3941.0
4302,5545.0
4303,4909.0
4304,4297.0
4305,3228.0
4306,3732.0
4307,
4308,
4309,
4310,
4311,
4312,
4313,
4314,
4315,
4316,
4317,
4318,
4319,
4320,269.0
4321,
4322,
4323,
4324,
4325,9302.0
4326,9849.0
4327,
4328,
4329,
4330,
4331,
4332,
4333,
4334,
4335,
4336,
4337,
4338,
4339,
4340,9696.0
4341,
4342,
4343,
4344,
4345,
4346,472.0
4347,
4348,
4349,
4350,
4351,
4352,
4353,
4354,
4355,5057.0
4356,
4357,
4358,
4359,
4360,9664.0
4361,
4362,
4363,4246.0
4364,
4365,
4366,
4367,
4368,
4369,
4370,
4371,1605.0
4372,
4373,4420.0
4374,8030.0
4375,
4376,
4377,
4378,
4379,
4380,
4381,
4382,
4383,1965.0
4384,
4385,2611.0
4386,42.0
4387,9057.0
4388,
4389,
4390,4036.0
4391,
4392,
4393,
4394,
4395,
4396,
4397,
4398,4448.0
4399,
4400,
4401,
4402,
4403,
4404,
4405,4676.0
4406,
4407,
4408,
4409,
4410,3404.0
4411,
4412,
4413,
4414,
4415,8025.0
4416,
4417,
4418,
4419,7123.0
4420,
4421,
4422,
4423,
4424,
4425,
4426,
4427,
4428,
4429,
4430,4819.0
4431,
4432,5584.0
4433,
4434,
4435,
4436,9983.0
4437,
4438,
4439,
4440,2209.0
4441,
4442,
4443,
4444,
4445,
4446,
4447,4473.0
4448,
4449,
4450,6422.0
4451,
4452,
4453,
4454,
4455,
4456,
4457,6498.0
4458,
4459,7554.0
4460,
4461,
4462,
4463,
4464,
4465,
4466,
4467,
4468,
4469,
4470,
4471,2403.0
4472,
4473,7314.0
4474,
4475,
4476,
4477,2786.0
4478,5210.0
4479,
4480,
4481,
4482,
4483,
4484,
4485,
4486,
4487,
4488,
4489,8036.0
4490,
4491,
4492,3447.0
4493,
4494,
4495,8331.0
4496,
4497,
4498,
4499,
4500,
4501,
4502,7686.0
4503,
4504,
4505,
4506,
4507,
4508,
4509,9546.0
4510,
4511,4763.0
4512,
4513,
4514,
4515,
4516,
4517,2201.0
4518,
4519,5496.0
4520,
4521,3375.0
4522,8075.0
4523,
4524,
4525,
4526,410.0
4527,6482.0
4528,
4529,
4530,
4531,
4532,
4533,
4534,
4535,
4536,255.0
4537,
4538,
4539,
4540,
4541,
4542,
4543,
4544,
4545,
4546,
4547,
4548,
4549,
4550,3219.0
4551,
4552,5934.0
4553,111.0
4554,
4555,
4556,
4557,
4558,
4559,360.0
4560,
4561,
4562,
4563,
4564,4228.0
4565,
4566,
4567,4802.0
4568,
4569,
4570,
4571,528.0
4572,
4573,
4574,412.0
4575,
4576,
4577,
4578,
4579,5205.0
4580,
4581,
4582,
4583,
4584,
4585,
4586,3246.0
4587,1159.0
4588,
4589,9764.0
4590,
4591,
4592,
4593,159.0
4594,4684.0
4595,
4596,
4597,
4598,
4599,1093.0
4600,7805.0
4601,
4602,
4603,9845.0
4604,
4605,
4606,
4607,
4608,
4609,
4610,
4611,2248.0
4612,
4613,
4614,
4615,
4616,
4617,
4618,960.0
4619,
4620,
4621,2263.0
4622,
4623,
4624,
4625,
4626,
4627,
4628,5510.0
4629,
4630,
4631,
4632,
4633,
4634,
4635,
4636,
4637,3324.0
4638,
4639,107.0
4640,
4641,
4642,1926.0
4643,
4644,
4645,
4646,6132.0
4647,9691.0
4648,1346.0
4649,1453.0
4650,5071.0
4651,
4652,
4653,
4654,3109.0
4655,
4656,
4657,9729.0
4658,
4659,
4660,
4661,
4662,
4663,6143.0
4664,
4665,
4666,6166.0
4667,6079.0
4668,
4669,
4670,
4671,
4672,
4673,3606.0
4674,
4675,
4676,
4677,
4678,
4679,
4680,
4681,
4682,9090.0
4683,8921.0
4684,337.0
4685,
4686,
4687,
4688,
4689,
4690,
4691,
4692,
4693,
4694,374.0
4695,
4696,
4697,
4698,
4699,
4700,2872.0
4701,
4702,
4703,
4704,
4705,
4706,9532.0
4707,
4708,1173.0
4709,
4710,1170.0
4711,
4712,
4713,
4714,
4715,5010.0
4716,7812.0
4717,
4718,
4719,
4720,
4721,
4722,
4723,
4724,
4725,
4726,8348.0
4727,
4728,
4729,
4730,
4731,618.0
4732,
4733,
4734,
4735,
4736,
4737,5468.0
4738,87.0
4739,
4740,
4741,
4742,
4743,
4744,
4745,
4746,
4747,
4748,
4749,4186.0
4750,
4751,3213.0
4752,
4753,9147.0
4754,
4755,
4756,4058.0
4757,
4758,
4759,
4760,
4761,
4762,6096.0
4763,
4764,
4765,
4766,
4767,
4768,
4769,
4770,5639.0
4771,
4772,
4773,
4774,
4775,
4776,
4777,
4778,8607.0
4779,
4780,
4781,
4782,
4783,
4784,1420.0
4785,2774.0
4786,
4787,
4788,
4789,
4790,
4791,
4792,
4793,
4794,
4795,3959.0
4796,8105.0
4797,
4798,
4799,
4800,6753.0
4801,
4802,
4803,
4804,
4805,
4806,
4807,
4808,
4809,
4810,9235.0
4811,
4812,2577.0
4813,
4814,3675.0
4815,
4816,
4817,
4818,
4819,
4820,
4821,
4822,
4823,3596.0
4824,
4825,
4826,
4827,
4828,
4829,
4830,
4831,9394.0
4832,
4833,
4834,
4835,
4836,
4837,
4838,
4839,
4840,
4841,9266.0
4842,
4843,
4844,
4845,
4846,
4847,
4848,
4849,
4850,
4851,
4852,
4853,6102.0
4854,
4855,
4856,
4857,
4858,
4859,
4860,
4861,
4862,
4863,
4864,
4865,
4866,
4867,
4868,
4869,
4870,
4871,
4872,
4873,
4874,
4875,
4876,
4877,
4878,
4879,
4880,835.0
4881,
4882,
4883,
4884,
4885,
4886,
4887,5331.0
4888,
4889,
4890,
4891,
4892,
4893,8947.0
4894,
4895,
4896,
4897,
4898,
4899,
4900,
4901,5266.0
4902,
4903,6813.0
4904,7884.0
4905,
4906,9596.0
4907,
4908,
4909,
4910,
4911,
4912,
4913,9374.0
4914,
4915,
4916,
4917,
4918,4410.0
4919,
4920,
4921,
4922,
4923,
4924,
4925,
4926,
4927,4770.0
4928,
4929,
4930,
4931,
4932,
4933,
4934,9200.0
4935,2866.0
4936,
4937,
4938,6806.0
4939,
4940,
4941,
4942,
4943,
4944,
4945,
4946,
4947,
4948,
4949,7909.0
4950,
4951,
4952,
4953,
4954,1442.0
4955,
4956,
4957,
4958,
4959,
4960,
4961,
4962,1332.0
4963,
4964,
4965,
4966,
4967,
4968,
4969,9592.0
4970,
4971,
4972,
4973,
4974,
4975,
4976,
4977,
4978,
4979,
4980,
4981,
4982,
4983,
4984,6057.0
4985,
4986,
4987,1333.0
4988,
4989,
4990,6968.0
4991,
4992,
4993,
4994,
4995,1930.0
4996,
4997,
4998,
4999,
5000,
5001,
5002,
5003,2880.0
5004,
5005,
5006,
5007,
5008,
5009,
5010,
5011,
5012,
5013,
5014,
5015,
5016,
5017,
5018,4803.0
5019,
5020,
5021,
5022,
5023,
5024,4703.0
5025,
5026,
5027,9915.0
5028,
5029,
5030,2991.0
5031,
5032,
5033,
5034,4202.0
5035,8823.0
5036,8519.0
5037,
5038,
5039,
5040,8249.0
5041,
5042,4286.0
5043,8214.0
5044,
5045,
5046,
5047,3367.0
5048,
5049,
5050,
5051,
5052,
5053,
5054,
5055,
5056,
5057,
5058,
5059,
5060,
5061,
5062,
5063,
5064,2165.0
5065,
5066,
5067,
5068,
5069,
5070,
5071,5171.0
5072,
5073,
5074,
5075,5927.0
5076,
5077,
5078,
5079,
5080,
5081,
5082,8620.0
5083,9901.0
5084,
5085,
5086,
5087,4971.0
5088,
5089,1109.0
5090,
5091,
5092,
5093,
5094,8571.0
5095,
5096,
5097,
5098,
5099,
5100,
5101,
5102,
5103,1593.0
5104,
5105,
5106,
5107,
5108,
5109,
5110,
5111,
5112,719.0
5113,1481.0
5114,
5115,
5116,
5117,5746.0
5118,3571.0
5119,
5120,5062.0
5121,253.0
5122,8962.0
5123,
5124,
5125,5081.0
5126,8583.0
5127,
5128,5513.0
5129,
5130,
5131,
5132,
5133,
5134,
5135,
5136,
5137,
5138,
5139,
5140,
5141,
5142,
5143,
5144,1902.0
5145,6787.0
5146,2911.0
5147,
5148,
5149,
5150,
5151,
5152,
5153,
5154,
5155,
5156,
5157,
5158,
5159,
5160,
5161,
5162,
5163,
5164,5383.0
5165,3097.0
5166,
5167,211.0
5168,
5169,
5170,
5171,
5172,
5173,
5174,
5175,
5176,
5177,
5178,
5179,
5180,
5181,
5182,
5183,
5184,
5185,
5186,
5187,
5188,
5189,
5190,6503.0
5191,
5192,
5193,
5194,9524.0
5195,
5196,
5197,6358.0
5198,
5199,
5200,
5201,3291.0
5202,
5203,
5204,
5205,1236.0
5206,
5207,
5208,
5209,
5210,8390.0
5211,
5212,
5213,
5214,
5215,3654.0
5216,6768.0
5217,414.0
5218,
5219,
5220,2930.0
5221,6631.0
5222,
5223,
5224,
5225,
5226,
5227,8748.0
5228,
5229,7677.0
5230,
5231,
5232,
5233,
5234,
5235,6415.0
5236,
5237,
5238,
5239,
5240,
5241,567.0
5242,2293.0
5243,
5244,
5245,
5246,
5247,
5248,
5249,
5250,
5251,1447.0
5252,
5253,
5254,825.0
5255,
5256,
5257,
5258,
5259,
5260,
5261,
5262,
5263,
5264,
5265,
5266,4275.0
5267,
5268,5119.0
5269,
5270,
5271,
5272,
5273,6578.0
5274,
5275,
5276,
5277,
5278,2899.0
5279,
5280,
5281,
5282,
5283,
5284,2983.0
5285,
5286,
5287,
5288,
5289,
5290,
5291,
5292,
5293,
5294,
5295,
5296,257.0
5297,
5298,
5299,
5300,
5301,869.0
5302,
5303,
5304,
5305,
5306,5082.0
5307,
5308,
5309,
5310,
5311,
5312,
5313,
5314,
5315,
5316,
5317,4778.0
5318,
5319,66.0
5320,1527.0
5321,
5322,
5323,10000.0
5324,
5325,
5326,
5327,
5328,
5329,1928.0
5330,
5331,1336.0
5332,
5333,7320.0
5334,
5335,4409.0
5336,
5337,
5338,
5339,
5340,
5341,
5342,
5343,
5344,
5345,
5346,
5347,
5348,
5349,8975.0
5350,
5351,
5352,
5353,
5354,
5355,
5356,5897.0
5357,5140.0
5358,1997.0
5359,
5360,
5361,
5362,
5363,
5364,
5365,153.0
5366,
5367,
5368,9503.0
5369,
5370,
5371,9851.0
5372,
5373,
5374,
5375,
5376,
5377,
5378,
5379,
5380,
5381,
5382,8501.0
5383,
5384,
5385,
5386,
5387,
5388,
5389,
5390,
5391,
5392,
5393,4996.0
5394,
5395,5922.0
5396,
5397,
5398,
5399,
5400,3172.0
5401,
5402,
5403,
5404,
5405,4704.0
5406,2098.0
5407,
5408,
5409,
5410,
5411,
5412,
5413,
5414,
5415,
5416,8252.0
5417,
5418,
5419,
5420,
5421,3329.0
5422,9551.0
5423,
5424,2010.0
5425,
5426,
5427,
5428,
5429,
5430,
5431,
5432,
5433,7835.0
5434,
5435,
5436,
5437,
5438,
5439,
5440,4334.0
5441,
5442,
5443,
5444,
5445,9451.0
5446,
5447,3911.0
5448,214.0
5449,
5450,
5451,4689.0
5452,
5453,
5454,
5455,
5456,
5457,
5458,
5459,
5460,
5461,588.0
5462,
5463,
5464,
5465,
5466,
5467,
5468,
5469,
5470,7435.0
5471,
5472,7955.0
5473,4528.0
5474,
5475,
5476,
5477,
5478,
5479,
5480,
5481,
5482,
5483,
5484,7365.0
5485,
5486,
5487,
5488,
5489,9728.0
5490,
5491,
5492,
5493,
5494,
5495,1623.0
5496,
5497,
5498,
5499,
5500,
5501,
5502,
5503,
5504,1450.0
5505,
5506,
5507,4591.0
5508,
5509,
5510,
5511,
5512,9503.0
5513,
5514,
5515,
5516,9621.0
5517,
5518,
5519,
5520,
5521,3935.0
5522,
5523,
5524,
5525,
5526,
5527,
5528,
5529,
5530,
5531,
5532,
5533,5930.0
5534,
5535,
5536,5218.0
5537,3451.0
5538,
5539,967.0
5540,
5541,
5542,
5543,
5544,
5545,
5546,
5547,
5548,
5549,
5550,3684.0
5551,
5552,
5553,
5554,7290.0
5555,
5556,
5557,9797.0
5558,
5559,4682.0
5560,
5561,
5562,
5563,
5564,
5565,
5566,
5567,
5568,
5569,
5570,
5571,836.0
5572,
5573,
5574,
5575,
5576,5489.0
5577,
5578,
5579,
5580,
5581,
5582,6969.0
5583,
5584,3648.0
5585,
5586,
5587,
5588,9770.0
5589,
5590,4453.0
5591,
5592,
5593,
5594,
5595,
5596,
5597,2423.0
5598,
5599,
5600,
5601,
5602,
5603,6155.0
5604,
5605,
5606,
5607,5189.0
5608,
5609,5025.0
5610,
5611,
5612,
5613,
5614,
5615,1439.0
5616,7635.0
5617,3338.0
5618,802.0
5619,
5620,
5621,
5622,
5623,
5624,2440.0
5625,
5626,
5627,
5628,
5629,
5630,
5631,
5632,
5633,
5634,3067.0
5635,6515.0
5636,
5637,
5638,5752.0
5639,3826.0
5640,
5641,
5642,
5643,
5644,
5645,
5646,
5647,
5648,
5649,4777.0
5650,
5651,
5652,
5653,
5654,
5655,
5656,
5657,
5658,
5659,
5660,
5661,
5662,8974.0
5663,
5664,
5665,
5666,
5667,
5668,
5669,3665.0
5670,8890.0
5671,2613.0
5672,
5673,8901.0
5674,
5675,9256.0
5676,
5677,
5678,
5679,
5680,
5681,
5682,7815.0
5683,5127.0
5684,
5685,
5686,
5687,1607.0
5688,5122.0
5689,
5690,
5691,
5692,
5693,6849.0
5694,
5695,
5696,
5697,
5698,
5699,
5700,
5701,
5702,
5703,9066.0
5704,
5705,
5706,
5707,
5708,
5709,
5710,
5711,1671.0
5712,
5713,
5714,
5715,
5716,6712.0
5717,
5718,
5719,
5720,
5721,
5722,
5723,
5724,
5725,4470.0
5726,2982.0
5727,
5728,
5729,
5730,
5731,8609.0
5732,4133.0
5733,
5734,
5735,
5736,
5737,
5738,7194.0
5739,
5740,
5741,
5742,
5743,
5744,
5745,
5746,
5747,
5748,
5749,
5750,6734.0
5751,
5752,
5753,
5754,
5755,
5756,
5757,
5758,6632.0
5759,
5760,
5761,7762.0
5762,
5763,
5764,
5765,
5766,
5767,
5768,
5769,7248.0
5770,
5771,
5772,
5773,
5774,6786.0
5775,1453.0
5776,
5777,
5778,
5779,
5780,
5781,
5782,
5783,
5784,4755.0
5785,
5786,
5787,
5788,
5789,3096.0
5790,
5791,
5792,
5793,
5794,8320.0
5795,2713.0
5796,
5797,
5798,
5799,5855.0
5800,
5801,
5802,
5803,
5804,8053.0
5805,4097.0
5806,
5807,9734.0
5808,
5809,
5810,7750.0
5811,
5812,
5813,
5814,
5815,
5816,
5817,
5818,
5819,
5820,
5821,
5822,
5823,
5824,
5825,8290.0
5826,
5827,8535.0
5828,
5829,2918.0
5830,
5831,7580.0
5832,3206.0
5833,
5834,
5835,
5836,
5837,
5838,
5839,
5840,
5841,4641.0
5842,
5843,532.0
5844,
5845,
5846,
5847,
5848,2972.0
5849,
5850,
5851,6277.0
5852,
5853,
5854,
5855,
5856,
5857,
5858,
5859,
5860,
5861,
5862,9937.0
5863,
5864,
5865,
5866,
5867,
5868,
5869,
5870,
5871,9927.0
5872,1882.0
5873,
5874,
5875,9719.0
5876,6161.0
5877,
5878,5028.0
5879,6363.0
5880,
5881,
5882,4327.0
5883,9661.0
5884,
5885,
5886,
5887,
5888,
5889,
5890,
5891,
5892,
5893,3280.0
5894,
5895,
5896,7342.0
5897,
5898,
5899,
5900,
5901,128.0
5902,
5903,3280.0
5904,
5905,
5906,
5907,
5908,
5909,
5910,
5911,
5912,
5913,
5914,
5915,
5916,
5917,
5918,
5919,8770.0
5920,
5921,5344.0
5922,
5923,
5924,
5925,
5926,9378.0
5927,123.0
5928,
5929,
5930,
5931,7091.0
5932,
5933,7991.0
5934,
5935,1444.0
5936,
5937,
5938,3160.0
5939,
5940,2727.0
5941,
5942,
5943,
5944,
5945,
5946,
5947,
5948,
5949,
5950,
5951,8864.0
5952,2299.0
5953,1634.0
5954,9513.0
5955,
5956,3161.0
5957,2248.0
5958,
5959,
5960,
5961,
5962,
5963,
5964,
5965,
5966,
5967,4120.0
5968,
5969,
5970,
5971,
5972,6785.0
5973,
5974,
5975,
5976,
5977,
5978,2047.0
5979,3695.0
5980,
5981,
5982,4462.0
5983,
5984,
5985,
5986,
5987,
5988,
5989,
5990,
5991,9046.0
5992,2757.0
5993,
5994,
5995,
5996,
5997,
5998,
5999,
6000,1619.0
6001,
6002,
6003,
6004,
6005,
6006,
6007,
6008,
6009,
6010,
6011,
6012,
6013,8834.0
6014,
6015,
6016,
6017,
6018,
6019,
6020,
6021,
6022,
6023,
6024,3147.0
6025,
6026,
6027,
6028,
6029,
6030,
6031,383.0
6032,5991.0
6033,
6034,2840.0
6035,
6036,
6037,
6038,
6039,
6040,
6041,
6042,
6043,
6044,
6045,
6046,
6047,
6048,
6049,
6050,
6051,
6052,
6053,
6054,
6055,5861.0
6056,
6057,
6058,
6059,
6060,
6061,4179.0
6062,
6063,
6064,
6065,8292.0
6066,
6067,
6068,
6069,
6070,
6071,
6072,
6073,
6074,
6075,
6076,
6077,
6078,
6079,4058.0
6080,
6081,
6082,
6083,
6084,6553.0
6085,
6086,5162.0
6087,7982.0
6088,
6089,3874.0
6090,4104.0
6091,
6092,
6093,
6094,
6095,
6096,
6097,
6098,
6099,9298.0
6100,744.0
6101,
6102,
6103,
6104,5494.0
6105,5785.0
6106,
6107,
6108,
6109,
6110,732.0
6111,
6112,
6113,
6114,1786.0
6115,
6116,3171.0
6117,
6118,1860.0
6119,
6120,5174.0
6121,
6122,
6123,
6124,
6125,
6126,
6127,
6128,
6129,
6130,3960.0
6131,
6132,
6133,
6134,
6135,
6136,8727.0
6137,
6138,
6139,
6140,
6141,
6142,
6143,
6144,
6145,
6146,
6147,
6148,
6149,
6150,
6151,
6152,
6153,
6154,
6155,
6156,6340.0
6157,
6158,
6159,
6160,
6161,
6162,
6163,
6164,
6165,
6166,
6167,
6168,
6169,
6170,
6171,
6172,
6173,
6174,
6175,
6176,
6177,
6178,
6179,
6180,
6181,
6182,
6183,
6184,
6185,8518.0
6186,5154.0
6187,2331.0
6188,
6189,9324.0
6190,9557.0
6191,
6192,
6193,
6194,
6195,
6196,
6197,
6198,
6199,
6200,
6201,
6202,
6203,
6204,
6205,
6206,
6207,
6208,
6209,
6210,
6211,
6212,1060.0
6213,
6214,
6215,
6216,
6217,9571.0
6218,
6219,
6220,
6221,
6222,
6223,4381.0
6224,
6225,
6226,788.0
6227,
6228,
6229,
6230,6106.0
6231,5651.0
6232,6697.0
6233,
6234,5414.0
6235,
6236,
6237,
6238,
6239,
6240,
6241,
6242,
6243,
6244,9066.0
6245,
6246,4799.0
6247,
6248,6759.0
6249,
6250,
6251,
6252,
6253,
6254,
6255,
6256,
6257,
6258,1613.0
6259,
6260,9248.0
6261,
6262,
6263,
6264,
6265,
6266,783.0
6267,
6268,
6269,
6270,1330.0
6271,
6272,
6273,
6274,
6275,
6276,
6277,
6278,184.0
6279,
6280,1490.0
6281,
6282,
6283,
6284,4175.0
6285,
6286,3471.0
6287,
6288,
6289,
6290,
6291,
6292,6502.0
6293,
6294,
6295,
6296,
6297,8507.0
6298,4689.0
6299,
6300,
6301,
6302,6412.0
6303,
6304,
6305,1116.0
6306,
6307,
6308,4783.0
6309,
6310,
6311,
6312,
6313,
6314,
6315,
6316,
6317,6367.0
6318,
6319,4945.0
6320,
6321,8664.0
6322,
6323,8555.0
6324,
6325,
6326,2038.0
6327,
6328,6567.0
6329,
6330,
6331,
6332,
6333,
6334,
6335,
6336,
6337,
6338,
6339,1797.0
6340,
6341,
6342,
6343,
6344,
6345,
6346,
6347,
6348,
6349,5321.0
6350,1717.0
6351,
6352,
6353,
6354,
6355,
6356,
6357,9128.0
6358,
6359,
6360,8773.0
6361,
6362,
6363,
6364,
6365,
6366,
6367,
6368,
6369,
6370,
6371,
6372,
6373,9205.0
6374,
6375,
6376,
6377,6970.0
6378,
6379,
6380,
6381,
6382,
6383,8575.0
6384,
6385,
6386,
6387,
6388,
6389,
6390,
6391,
6392,2568.0
6393,
6394,
6395,
6396,
6397,4898.0
6398,
6399,
6400,
6401,
6402,
6403,
6404,
6405,
6406,
6407,
6408,
6409,
6410,
6411,
6412,
6413,
6414,
6415,
6416,
6417,9328.0
6418,
6419,
6420,
6421,
6422,
6423,
6424,7409.0
6425,
6426,
6427,
6428,
6429,
6430,
6431,
6432,
6433,
6434,
6435,
6436,
6437,
6438,
6439,
6440,
6441,
6442,
6443,
6444,
6445,
6446,9115.0
6447,
6448,8451.0
6449,2543.0
6450,
6451,
6452,3042.0
6453,
6454,
6455,
6456,
6457,
6458,
6459,
6460,
6461,
6462,
6463,
6464,
6465,
6466,
6467,
6468,
6469,
6470,
6471,4664.0
6472,8918.0
6473,
6474,5417.0
6475,
6476,
6477,
6478,
6479,
6480,
6481,9321.0
6482,2380.0
6483,
6484,
6485,
6486,
6487,
6488,4766.0
6489,
6490,
6491,6263.0
6492,
6493,
6494,
6495,
6496,
6497,
6498,
6499,
6500,
6501,
6502,6217.0
6503,2685.0
6504,
6505,
6506,
6507,
6508,
6509,
6510,
6511,6883.0
6512,6453.0
6513,
6514,5575.0
6515,
6516,
6517,7944.0
6518,1312.0
6519,
6520,
6521,
6522,
6523,
6524,
6525,
6526,
6527,9219.0
6528,
6529,
6530,
6531,
6532,
6533,
6534,
6535,
6536,
6537,
6538,
6539,
6540,
6541,7912.0
6542,
6543,
6544,
6545,
6546,4230.0
6547,
6548,3638.0
6549,
6550,
6551,
6552,
6553,9433.0
6554,
6555,
6556,
6557,
6558,
6559,
6560,
6561,3255.0
6562,
6563,
6564,8908.0
6565,
6566,
6567,
6568,
6569,
6570,
6571,
6572,
6573,4255.0
6574,
6575,
6576,
6577,
6578,883.0
6579,
6580,7282.0
6581,
6582,
6583,
6584,649.0
6585,
6586,
6587,
6588,
6589,
6590,
6591,
6592,
6593,
6594,
6595,
6596,7803.0
6597,
6598,
6599,
6600,9345.0
6601,
6602,
6603,
6604,
6605,
6606,151.0
6607,
6608,
6609,
6610,6158.0
6611,
6612,2011.0
6613,
6614,
6615,
6616,
6617,
6618,
6619,
6620,
6621,5561.0
6622,
6623,
6624,3508.0
6625,
6626,
6627,
6628,
6629,484.0
6630,
6631,7718.0
6632,151.0
6633,
6634,
6635,
6636,
6637,
6638,1134.0
6639,
6640,
6641,
6642,5668.0
6643,
6644,
6645,4494.0
6646,
6647,
6648,
6649,
6650,
6651,
6652,
6653,
6654,
6655,
6656,
6657,
6658,
6659,
6660,3338.0
6661,
6662,
6663,
6664,
6665,
6666,
6667,
6668,
6669,2488.0
6670,
6671,2085.0
6672,9329.0
6673,3616.0
6674,
6675,8890.0
6676,
6677,
6678,1056.0
6679,
6680,
6681,
6682,
6683,
6684,
6685,
6686,
6687,
6688,
6689,369.0
6690,
6691,
6692,
6693,
6694,1877.0
6695,
6696,
6697,
6698,
6699,
6700,
6701,
6702,
6703,
6704,
6705,
6706,4367.0
6707,4486.0
6708,5032.0
6709,
6710,
6711,6577.0
6712,
6713,
6714,
6715,1249.0
6716,
6717,
6718,7759.0
6719,
6720,7775.0
6721,
6722,
6723,
6724,
6725,
6726,
6727,8521.0
6728,
6729,
6730,
6731,
6732,
6733,
6734,
6735,
6736,
6737,
6738,
6739,
6740,9385.0
6741,
6742,
6743,
6744,
6745,
6746,
6747,
6748,
6749,
6750,
6751,9781.0
6752,
6753,
6754,
6755,
6756,
6757,5578.0
6758,
6759,
6760,
6761,
6762,
6763,7326.0
6764,1643.0
6765,5825.0
6766,
6767,
6768,
6769,
6770,
6771,7426.0
6772,
6773,
6774,
6775,
6776,1904.0
6777,
6778,
6779,7578.0
6780,
6781,
6782,
6783,
6784,
6785,
6786,
6787,
6788,
6789,
6790,
6791,
6792,2979.0
6793,
6794,
6795,
6796,
6797,
6798,
6799,8644.0
6800,
6801,
6802,9152.0
6803,
6804,
6805,
6806,
6807,
6808,
6809,
6810,
6811,
6812,
6813,5138.0
6814,
6815,884.0
6816,
6817,
6818,
6819,
6820,7227.0
6821,
6822,
6823,
6824,
6825,1680.0
6826,
6827,
6828,
6829,
6830,
6831,
6832,
6833,86.0
6834,2512.0
6835,8054.0
6836,
6837,
6838,5640.0
6839,
6840,
6841,1277.0
6842,
6843,
6844,
6845,4185.0
6846,
6847,
6848,5848.0
6849,
6850,
6851,
6852,
6853,
6854,
6855,
6856,
6857,209.0
6858,
6859,
6860,
6861,
6862,
6863,
6864,
6865,
6866,5625.0
6867,
6868,
6869,
6870,
6871,
6872,
6873,
6874,
6875,
6876,
6877,
6878,
6879,
6880,
6881,
6882,
6883,
6884,
6885,
6886,
6887,
6888,
6889,
6890,
6891,
6892,7074.0
6893,
6894,6314.0
6895,
6896,
6897,1211.0
6898,
6899,
6900,2142.0
6901,8333.0
6902,
6903,
6904,
6905,
6906,
6907,
6908,4845.0
6909,
6910,
6911,
6912,
6913,2852.0
6914,
6915,
6916,
6917,
6918,
6919,
6920,
6921,
6922,
6923,
6924,
6925,
6926,
6927,
6928,
6929,
6930,
6931,
6932,
6933,
6934,1062.0
6935,114.0
6936,
6937,8273.0
6938,
6939,
6940,
6941,
6942,4312.0
6943,
6944,
6945,
6946,8130.0
6947,7921.0
6948,
6949,
6950,
6951,
6952,
6953,
6954,
6955,
6956,
6957,3236.0
6958,4950.0
6959,
6960,
6961,
6962,
6963,
6964,
6965,6658.0
6966,
6967,
6968,7440.0
6969,
6970,
6971,
6972,
6973,
6974,
6975,
6976,
6977,
6978,
6979,
6980,
6981,3319.0
6982,
6983,
6984,
6985,
6986,
6987,
6988,
6989,
6990,7695.0
6991,
6992,
6993,
6994,
6995,3915.0
6996,
6997,
6998,8510.0
6999,
7000,2204.0
7001,
7002,
7003,
7004,
7005,
7006,
7007,
7008,
7009,
7010,
7011,
7012,
7013,
7014,
7015,
7016,
7017,4720.0
7018,
7019,
7020,
7021,
7022,
7023,
7024,7870.0
7025,
7026,
7027,
7028,
7029,
7030,
7031,
7032,
7033,9272.0
7034,
7035,
7036,
7037,8025.0
7038,
7039,3171.0
7040,
7041,
7042,276.0
7043,
7044,
7045,
7046,
7047,
7048,
7049,
7050,4274.0
7051,
7052,
7053,
7054,8720.0
7055,
7056,6231.0
7057,
7058,
7059,
7060,8449.0
7061,
7062,
7063,
7064,
7065,
7066,
7067,
7068,
7069,
7070,2489.0
7071,7301.0
7072,
7073,
7074,5570.0
7075,
7076,6555.0
7077,
7078,
7079,
7080,
7081,
7082,
7083,1965.0
7084,
7085,2257.0
7086,
7087,
7088,
7089,
7090,
7091,
7092,
7093,
7094,2816.0
7095,
7096,
7097,9906.0
7098,8699.0
7099,
7100,
7101,
7102,
7103,
7104,
7105,
7106,8452.0
7107,
7108,
7109,
7110,
7111,
7112,
7113,
7114,8288.0
7115,
7116,9149.0
7117,6747.0
7118,
7119,
7120,
7121,3684.0
7122,
7123,
7124,5383.0
7125,2756.0
7126,
7127,9612.0
7128,
7129,
7130,
7131,
7132,
7133,
7134,
7135,6637.0
7136,
7137,
7138,
7139,
7140,
7141,
7142,
7143,2821.0
7144,385.0
7145,
7146,
7147,
7148,
7149,
7150,7458.0
7151,
7152,
7153,
7154,1285.0
7155,
7156,
7157,
7158,
7159,3716.0
7160,
7161,8483.0
7162,
7163,
7164,
7165,
7166,
7167,
7168,
7169,
7170,7595.0
7171,
7172,
7173,3445.0
7174,
7175,5868.0
7176,
7177,
7178,
7179,
7180,
7181,
7182,7527.0
7183,
7184,3804.0
7185,
7186,
7187,
7188,8585.0
7189,
7190,
7191,
7192,
7193,
7194,
7195,908.0
7196,591.0
7197,3274.0
7198,
7199,7540.0
7200,4164.0
7201,
7202,
7203,
7204,
7205,
7206,
7207,
7208,
7209,
7210,
7211,
7212,9970.0
7213,
7214,
7215,
7216,
7217,246.0
7218,
7219,
7220,
7221,
7222,
7223,1846.0
7224,
7225,
7226,
7227,
7228,
7229,
7230,
7231,5720.0
7232,
7233,
7234,
7235,
7236,
7237,
7238,1582.0
7239,
7240,
7241,6550.0
7242,
7243,643.0
7244,
7245,
7246,
7247,
7248,
7249,
7250,
7251,
7252,9408.0
7253,
7254,
7255,7872.0
7256,
7257,
7258,
7259,
7260,2662.0
7261,
7262,
7263,
7264,
7265,
7266,9861.0
7267,
7268,4435.0
7269,3802.0
7270,
7271,1537.0
7272,
7273,
7274,
7275,
7276,
7277,
7278,
7279,
7280,
7281,
7282,1262.0
7283,
7284,
7285,
7286,
7287,2268.0
7288,
7289,
7290,
7291,
7292,
7293,
7294,
7295,
7296,
7297,
7298,2122.0
7299,
7300,
7301,
7302,4400.0
7303,
7304,
7305,
7306,8399.0
7307,
7308,
7309,4348.0
7310,9712.0
7311,
7312,
7313,
7314,
7315,
7316,5690.0
7317,
7318,
7319,
7320,
7321,3010.0
7322,
7323,
7324,6340.0
7325,
7326,
7327,
7328,
7329,
7330,
7331,3629.0
7332,
7333,
7334,
7335,
7336,5080.0
7337,
7338,
7339,
7340,
7341,
7342,
7343,
7344,
7345,
7346,
7347,
7348,
7349,
7350,
7351,
7352,
7353,
7354,1235.0
7355,
7356,
7357,
7358,
7359,
7360,
7361,4349.0
7362,
7363,
7364,
7365,
7366,4831.0
7367,
7368,7944.0
7369,3747.0
7370,
7371,
7372,1879.0
7373,
7374,618.0
7375,
7376,
7377,6499.0
7378,
7379,
7380,
7381,
7382,
7383,
7384,8125.0
7385,
7386,
7387,
7388,6879.0
7389,
7390,
7391,1055.0
7392,
7393,
7394,
7395,9061.0
7396,
7397,
7398,
7399,
7400,
7401,
7402,2403.0
7403,
7404,
7405,
7406,
7407,
7408,
7409,
7410,
7411,
7412,
7413,
7414,
7415,407.0
7416,
7417,
7418,
7419,
7420,
7421,3267.0
7422,
7423,
7424,
7425,
7426,
7427,
7428,
7429,
7430,
7431,
7432,
7433,2634.0
7434,5172.0
7435,
7436,
7437,
7438,
7439,
7440,
7441,
7442,
7443,
7444,
7445,
7446,
7447,
7448,
7449,
7450,
7451,
7452,6889.0
7453,
7454,
7455,
7456,9876.0
7457,
7458,
7459,
7460,
7461,4663.0
7462,
7463,
7464,
7465,
7466,
7467,
7468,
7469,
7470,
7471,7465.0
7472,4407.0
7473,
7474,
7475,
7476,
7477,
7478,
7479,
7480,
7481,
7482,
7483,
7484,1055.0
7485,
7486,
7487,
7488,
7489,6984.0
7490,36.0
7491,6071.0
7492,
7493,
7494,
7495,
7496,1160.0
7497,
7498,
7499,
7500,
7501,
7502,
7503,
7504,
7505,
7506,
7507,
7508,
7509,
7510,7645.0
7511,
7512,
7513,
7514,
7515,
7516,5997.0
7517,
7518,
7519,7931.0
7520,1909.0
7521,
7522,
7523,
7524,4780.0
7525,
7526,
7527,
7528,
7529,
7530,
7531,
7532,
7533,678.0
7534,7151.0
7535,
7536,
7537,
7538,
7539,
7540,
7541,
7542,
7543,
7544,
7545,
7546,
7547,
7548,
7549,
7550,
7551,
7552,
7553,
7554,
7555,
7556,
7557,
7558,
7559,
7560,
7561,
7562,2309.0
7563,
7564,1098.0
7565,
7566,
7567,
7568,
7569,
7570,
7571,
7572,
7573,
7574,
7575,
7576,5760.0
7577,
7578,1084.0
7579,8178.0
7580,
7581,
7582,
7583,
7584,
7585,
7586,
7587,
7588,
7589,9593.0
7590,
7591,
7592,
7593,
7594,
7595,576.0
7596,
7597,6905.0
7598,
7599,
7600,
7601,
7602,
7603,
7604,6373.0
7605,1432.0
7606,1001.0
7607,
7608,
7609,
7610,
7611,7785.0
7612,
7613,
7614,
7615,5451.0
7616,
7617,
7618,
7619,
7620,
7621,
7622,
7623,
7624,811.0
7625,2929.0
7626,
7627,
7628,
7629,
7630,8844.0
7631,
7632,3901.0
7633,
7634,
7635,4699.0
7636,
7637,
7638,
7639,
7640,
7641,
7642,
7643,6949.0
7644,
7645,
7646,
7647,5570.0
7648,4069.0
7649,
7650,
7651,7634.0
7652,
7653,
7654,
7655,4659.0
7656,
7657,
7658,
7659,
7660,
7661,8488.0
7662,
7663,
7664,
7665,
7666,
7667,
7668,7964.0
7669,
7670,
7671,
7672,
7673,
7674,
7675,
7676,
7677,4470.0
7678,
7679,4753.0
7680,
7681,
7682,
7683,
7684,
7685,
7686,
7687,
7688,
7689,
7690,
7691,436.0
7692,
7693,
7694,
7695,
7696,
7697,6684.0
7698,
7699,
7700,
7701,
7702,4609.0
7703,
7704,
7705,5078.0
7706,
7707,1872.0
7708,
7709,
7710,
7711,
7712,
7713,
7714,
7715,1287.0
7716,
7717,1136.0
7718,
7719,
7720,
7721,
7722,340.0
7723,
7724,
7725,
7726,
7727,
7728,
7729,
7730,
7731,
7732,
7733,
7734,5720.0
7735,
7736,
7737,
7738,2461.0
7739,
7740,
7741,
7742,
7743,
7744,
7745,
7746,
7747,
7748,
7749,
7750,
7751,
7752,7781.0
7753,
7754,
7755,
7756,
7757,
7758,1919.0
7759,
7760,
7761,
7762,7781.0
7763,
7764,
7765,
7766,
7767,
7768,6766.0
7769,
7770,
7771,
7772,5656.0
7773,
7774,
7775,
7776,
7777,5781.0
7778,
7779,
7780,
7781,
7782,
7783,
7784,
7785,
7786,
7787,
7788,
7789,
7790,
7791,
7792,
7793,
7794,2237.0
7795,
7796,9846.0
7797,
7798,
7799,
7800,
7801,6561.0
7802,
7803,
7804,
7805,
7806,
7807,
7808,
7809,7006.0
7810,
7811,4423.0
7812,
7813,
7814,
7815,7457.0
7816,
7817,2739.0
7818,
7819,
7820,
7821,3374.0
7822,
7823,
7824,
7825,691.0
7826,799.0
7827,
7828,
7829,
7830,
7831,9497.0
7832,3375.0
7833,
7834,
7835,
7836,6993.0
7837,
7838,781.0
7839,
7840,
7841,
7842,
7843,
7844,
7845,
7846,
7847,
7848,
7849,
7850,
7851,
7852,
7853,
7854,
7855,
7856,
7857,
7858,2654.0
7859,1518.0
7860,
7861,
7862,422.0
7863,
7864,7370.0
7865,
7866,1969.0
7867,
7868,9823.0
7869,9413.0
7870,3105.0
7871,
7872,
7873,5375.0
7874,
7875,
7876,
7877,458.0
7878,
7879,
7880,9524.0
7881,
7882,
7883,
7884,
7885,7308.0
7886,
7887,
7888,
7889,
7890,
7891,
7892,4692.0
7893,
7894,
7895,
7896,9743.0
7897,
7898,
7899,
7900,
7901,
7902,
7903,
7904,2987.0
7905,
7906,
7907,
7908,9912.0
7909,
7910,
7911,7667.0
7912,
7913,
7914,
7915,
7916,3154.0
7917,
7918,
7919,
7920,
7921,
7922,
7923,8979.0
7924,
7925,
7926,
7927,3013.0
7928,
7929,
7930,
7931,
7932,4734.0
7933,
7934,492.0
7935,
7936,
7937,4604.0
7938,
7939,
7940,
7941,
7942,
7943,
7944,
7945,
7946,
7947,
7948,
7949,
7950,
7951,
7952,4662.0
7953,
7954,
7955,
7956,4356.0
7957,6886.0
7958,
7959,927.0
7960,
7961,1248.0
7962,
7963,
7964,
7965,
7966,
7967,
7968,
7969,
7970,
7971,
7972,
7973,
7974,
7975,
7976,
7977,
7978,
7979,
7980,9455.0
7981,
7982,1013.0
7983,
7984,
7985,
7986,
7987,
7988,
7989,4053.0
7990,
7991,5675.0
7992,
7993,6723.0
7994,
7995,
7996,
7997,
7998,
7999,
8000,
8001,
8002,
8003,
8004,
8005,
8006,
8007,6436.0
8008,
8009,
8010,
8011,
8012,1682.0
8013,
8014,
8015,
8016,7898.0
8017,835.0
8018,
8019,
8020,
8021,
8022,
8023,
8024,
8025,8160.0
8026,
8027,
8028,
8029,9292.0
8030,
8031,
8032,
8033,
8034,
8035,
8036,
8037,6104.0
8038,482.0
8039,
8040,
8041,
8042,
8043,5314.0
8044,
8045,
8046,962.0
8047,
8048,
8049,
8050,5395.0
8051,5857.0
8052,2173.0
8053,
8054,3827.0
8055,
8056,
8057,
8058,7881.0
8059,1814.0
8060,
8061,
8062,
8063,
8064,
8065,
8066,
8067,5743.0
8068,
8069,
8070,
8071,
8072,7334.0
8073,
8074,
8075,
8076,
8077,
8078,
8079,
8080,
8081,7115.0
8082,8495.0
8083,
8084,
8085,
8086,
8087,
8088,
8089,5720.0
8090,
8091,4106.0
8092,
8093,
8094,461.0
8095,738.0
8096,
8097,
8098,
8099,3460.0
8100,2642.0
8101,
8102,
8103,
8104,
8105,2847.0
8106,
8107,1562.0
8108,
8109,
8110,5728.0
8111,
8112,
8113,
8114,
8115,4674.0
8116,
8117,
8118,5429.0
8119,
8120,1127.0
8121,
8122,
8123,
8124,
8125,
8126,
8127,
8128,
8129,
8130,
8131,
8132,
8133,
8134,
8135,7345.0
8136,
8137,
8138,
8139,
8140,
8141,
8142,
8143,
8144,
8145,
8146,
8147,
8148,8488.0
8149,
8150,9743.0
8151,
8152,
8153,
8154,9593.0
8155,9174.0
8156,
8157,
8158,
8159,
8160,
8161,
8162,
8163,3048.0
8164,
8165,
8166,
8167,
8168,
8169,
8170,
8171,
8172,
8173,
8174,
8175,
8176,
8177,
8178,
8179,
8180,
8181,
8182,5609.0
8183,
8184,
8185,
8186,
8187,
8188,
8189,
8190,484.0
8191,
8192,
8193,
8194,
8195,
8196,9917.0
8197,
8198,
8199,3601.0
8200,4296.0
8201,
8202,
8203,
8204,
8205,
8206,
8207,
8208,5935.0
8209,
8210,
8211,
8212,
8213,
8214,1817.0
8215,
8216,
8217,3860.0
8218,
8219,
8220,
8221,
8222,
8223,4308.0
8224,
8225,
8226,
8227,
8228,178.0
8229,
8230,
8231,8168.0
8232,
8233,
8234,
8235,
8236,
8237,
8238,
8239,
8240,3740.0
8241,2115.0
8242,
8243,
8244,2003.0
8245,5840.0
8246,
8247,
8248,8987.0
8249,3472.0
8250,
8251,
8252,
8253,
8254,8945.0
8255,
8256,
8257,
8258,
8259,
8260,
8261,
8262,
8263,
8264,
8265,
8266,9597.0
8267,
8268,
8269,
8270,6618.0
8271,
8272,
8273,8195.0
8274,
8275,
8276,
8277,
8278,5540.0
8279,
8280,
8281,
8282,
8283,
8284,3844.0
8285,
8286,
8287,
8288,
8289,
8290,
8291,
8292,3768.0
8293,
8294,
8295,
8296,
8297,
8298,
8299,
8300,
8301,
8302,7662.0
8303,
8304,
8305,
8306,
8307,
8308,
8309,
8310,
8311,
8312,
8313,6081.0
8314,7138.0
8315,
8316,
8317,
8318,
8319,
8320,6744.0
8321,
8322,
8323,
8324,
8325,
8326,
8327,7866.0
8328,
8329,
8330,
8331,
8332,
8333,6922.0
8334,
8335,
8336,1554.0
8337,7474.0
8338,4120.0
8339,591.0
8340,
8341,
8342,8551.0
8343,
8344,
8345,
8346,
8347,
8348,
8349,
8350,
8351,
8352,
8353,
8354,
8355,
8356,
8357,
8358,
8359,
8360,
8361,
8362,
8363,6046.0
8364,141.0
8365,2156.0
8366,
8367,3796.0
8368,
8369,5678.0
8370,8633.0
8371,3878.0
8372,
8373,
8374,
8375,8160.0
8376,
8377,
8378,
8379,
8380,
8381,
8382,6357.0
8383,
8384,
8385,
8386,
8387,7385.0
8388,
8389,
8390,
8391,
8392,4166.0
8393,
8394,
8395,
8396,1667.0
8397,
8398,
8399,7103.0
8400,6499.0
8401,682.0
8402,
8403,
8404,1067.0
8405,
8406,
8407,
8408,
8409,
8410,
8411,
8412,
8413,
8414,
8415,
8416,
8417,
8418,3751.0
8419,
8420,
8421,3362.0
8422,
8423,
8424,
8425,5323.0
8426,
8427,
8428,
8429,
8430,7088.0
8431,
8432,
8433,
8434,8702.0
8435,
8436,8225.0
8437,
8438,
8439,
8440,
8441,
8442,
8443,
8444,
8445,
8446,
8447,7997.0
8448,
8449,791.0
8450,
8451,
8452,
8453,2183.0
8454,7456.0
8455,
8456,
8457,1708.0
8458,
8459,
8460,
8461,7131.0
8462,
8463,
8464,9848.0
8465,4466.0
8466,
8467,2705.0
8468,
8469,
8470,
8471,3004.0
8472,
8473,
8474,
8475,
8476,8075.0
8477,6325.0
8478,
8479,3873.0
8480,
8481,8468.0
8482,
8483,
8484,
8485,
8486,
8487,
8488,
8489,
8490,5742.0
8491,
8492,
8493,
8494,
8495,
8496,9667.0
8497,
8498,
8499,
8500,
8501,
8502,9504.0
8503,8349.0
8504,
8505,8778.0
8506,6437.0
8507,
8508,
8509,
8510,9194.0
8511,
8512,
8513,
8514,
8515,1332.0
8516,
8517,
8518,
8519,4078.0
8520,
8521,
8522,
8523,
8524,
8525,
8526,
8527,
8528,6386.0
8529,
8530,
8531,
8532,
8533,
8534,537.0
8535,
8536,
8537,
8538,
8539,
8540,
8541,
8542,
8543,
8544,
8545,770.0
8546,
8547,
8548,
8549,
8550,
8551,
8552,
8553,6415.0
8554,
8555,
8556,
8557,8666.0
8558,
8559,2373.0
8560,
8561,
8562,
8563,7797.0
8564,2547.0
8565,
8566,
8567,
8568,
8569,
8570,
8571,3932.0
8572,6830.0
8573,
8574,
8575,
8576,9213.0
8577,
8578,
8579,3923.0
8580,
8581,
8582,
8583,
8584,6369.0
8585,
8586,
8587,6087.0
8588,
8589,
8590,
8591,
8592,
8593,
8594,
8595,6057.0
8596,
8597,
8598,
8599,
8600,
8601,
8602,
8603,
8604,
8605,9155.0
8606,
8607,
8608,
8609,
8610,
8611,5813.0
8612,
8613,1815.0
8614,
8615,
8616,6827.0
8617,
8618,
8619,
8620,
8621,4683.0
8622,
8623,
8624,
8625,
8626,
8627,
8628,
8629,4062.0
8630,
8631,2225.0
8632,
8633,
8634,
8635,
8636,
8637,8354.0
8638,
8639,5699.0
8640,
8641,
8642,7626.0
8643,
8644,7485.0
8645,
8646,
8647,4241.0
8648,
8649,
8650,
8651,
8652,
8653,
8654,
8655,
8656,
8657,
8658,
8659,
8660,
8661,
8662,
8663,
8664,
8665,4675.0
8666,
8667,
8668,1398.0
8669,
8670,
8671,8026.0
8672,
8673,
8674,
8675,
8676,3109.0
8677,
8678,
8679,
8680,
8681,
8682,
8683,
8684,
8685,
8686,9055.0
8687,
8688,
8689,
8690,8408.0
8691,9250.0
8692,
8693,
8694,
8695,
8696,
8697,2068.0
8698,
8699,
8700,
8701,2108.0
8702,
8703,
8704,
8705,
8706,
8707,
8708,
8709,6355.0
8710,
8711,
8712,
8713,5215.0
8714,
8715,5619.0
8716,
8717,
8718,6935.0
8719,
8720,832.0
8721,2220.0
8722,9447.0
8723,8566.0
8724,
8725,
8726,
8727,2907.0
8728,
8729,
8730,
8731,
8732,
8733,
8734,
8735,
8736,
8737,
8738,
8739,
8740,2337.0
8741,
8742,
8743,
8744,
8745,
8746,
8747,2788.0
8748,
8749,
8750,
8751,8250.0
8752,
8753,3038.0
8754,
8755,1907.0
8756,
8757,
8758,
8759,
8760,
8761,
8762,
8763,
8764,
8765,1834.0
8766,453.0
8767,
8768,
8769,
8770,
8771,2317.0
8772,
8773,
8774,
8775,
8776,
8777,
8778,
8779,
8780,
8781,
8782,
8783,
8784,
8785,
8786,1388.0
8787,6216.0
8788,
8789,
8790,
8791,
8792,
8793,
8794,
8795,
8796,
8797,
8798,
8799,
8800,
8801,
8802,
8803,2658.0
8804,8604.0
8805,
8806,
8807,
8808,
8809,
8810,
8811,138.0
8812,
8813,5741.0
8814,6910.0
8815,
8816,
8817,
8818,
8819,
8820,
8821,
8822,
8823,
8824,8166.0
8825,1382.0
8826,7086.0
8827,
8828,
8829,
8830,
8831,1863.0
8832,
8833,
8834,
8835,
8836,
8837,
8838,
8839,
8840,
8841,
8842,
8843,
8844,
8845,
8846,2465.0
8847,
8848,
8849,3098.0
8850,5470.0
8851,
8852,
8853,
8854,
8855,9584.0
8856,8635.0
8857,
8858,
8859,
8860,
8861,93.0
8862,
8863,
8864,
8865,
8866,
8867,8003.0
8868,
8869,
8870,
8871,
8872,214.0
8873,
8874,
8875,
8876,
8877,9993.0
8878,7559.0
8879,
8880,2687.0
8881,
8882,
8883,2874.0
8884,
8885,
8886,
8887,
8888,3503.0
8889,
8890,
8891,
8892,5835.0
8893,
8894,
8895,
8896,
8897,
8898,5453.0
8899,
8900,3427.0
8901,
8902,6957.0
8903,8479.0
8904,
8905,
8906,
8907,5563.0
8908,
8909,9814.0
8910,
8911,
8912,
8913,
8914,
8915,
8916,
8917,
8918,
8919,
8920,
8921,
8922,
8923,
8924,7905.0
8925,
8926,637.0
8927,2279.0
8928,
8929,
8930,
8931,
8932,
8933,
8934,
8935,
8936,
8937,
8938,
8939,
8940,
8941,
8942,
8943,
8944,2735.0
8945,
8946,
8947,
8948,
8949,
8950,
8951,
8952,7717.0
8953,
8954,
8955,
8956,
8957,
8958,
8959,
8960,
8961,
8962,
8963,
8964,6527.0
8965,
8966,
8967,
8968,
8969,
8970,
8971,
8972,
8973,
8974,
8975,
8976,
8977,1650.0
8978,
8979,
8980,
8981,
8982,
8983,
8984,
8985,
8986,
8987,
8988,
8989,
8990,
8991,
8992,398.0
8993,
8994,
8995,7833.0
8996,
8997,
8998,
8999,
9000,
9001,
9002,
9003,
9004,
9005,
9006,7212.0
9007,
9008,
9009,
9010,
9011,3086.0
9012,
9013,
9014,
9015,5096.0
9016,
9017,
9018,
9019,
9020,
9021,3912.0
9022,146.0
9023,
9024,6400.0
9025,
9026,
9027,
9028,
9029,
9030,
9031,
9032,
9033,9376.0
9034,4043.0
9035,
9036,
9037,
9038,
9039,
9040,
9041,
9042,1251.0
9043,
9044,
9045,
9046,
9047,
9048,
9049,6634.0
9050,
9051,2373.0
9052,6273.0
9053,
9054,
9055,8253.0
9056,1412.0
9057,
9058,
9059,9147.0
9060,
9061,
9062,4279.0
9063,
9064,134.0
9065,
9066,
9067,
9068,
9069,
9070,
9071,
9072,
9073,3105.0
9074,
9075,
9076,
9077,
9078,6847.0
9079,
9080,
9081,
9082,
9083,6906.0
9084,
9085,
9086,
9087,
9088,
9089,
9090,
9091,
9092,
9093,
9094,
9095,943.0
9096,
9097,
9098,
9099,2345.0
9100,
9101,
9102,
9103,
9104,2293.0
9105,
9106,
9107,
9108,7110.0
9109,
9110,
9111,
9112,
9113,
9114,
9115,
9116,
9117,
9118,
9119,
9120,
9121,
9122,
9123,
9124,3040.0
9125,8207.0
9126,
9127,
9128,5295.0
9129,
9130,
9131,971.0
9132,
9133,
9134,
9135,
9136,
9137,
9138,
9139,182.0
9140,
9141,4078.0
9142,
9143,
9144,
9145,2260.0
9146,
9147,
9148,
9149,
9150,
9151,
9152,
9153,
9154,
9155,
9156,
9157,
9158,2874.0
9159,
9160,
9161,6583.0
9162,
9163,
9164,
9165,
9166,
9167,3437.0
9168,1720.0
9169,
9170,
9171,
9172,
9173,
9174,
9175,
9176,
9177,
9178,
9179,
9180,7773.0
9181,
9182,
9183,
9184,7310.0
9185,
9186,
9187,7556.0
9188,
9189,
9190,
9191,
9192,
9193,
9194,
9195,2350.0
9196,
9197,
9198,
9199,
9200,
9201,
9202,
9203,
9204,
9205,
9206,
9207,
9208,
9209,
9210,
9211,
9212,
9213,8272.0
9214,
9215,
9216,
9217,
9218,
9219,
9220,
9221,
9222,
9223,
9224,
9225,8492.0
9226,
9227,
9228,
9229,
9230,
9231,
9232,
9233,
9234,
9235,5090.0
9236,
9237,
9238,8519.0
9239,
9240,5733.0
9241,752.0
9242,
9243,4152.0
9244,8847.0
9245,
9246,
9247,534.0
9248,
9249,9523.0
9250,
9251,
9252,
9253,
9254,1000.0
9255,3092.0
9256,
9257,
9258,
9259,
9260,7167.0
9261,
9262,
9263,
9264,
9265,3547.0
9266,4450.0
9267,
9268,
9269,1417.0
9270,
9271,
9272,
9273,5242.0
9274,
9275,
9276,
9277,
9278,
9279,
9280,
9281,
9282,
9283,
9284,
9285,1303.0
9286,
9287,
9288,
9289,
9290,
9291,
9292,4453.0
9293,
9294,3562.0
9295,9838.0
9296,
9297,
9298,
9299,
9300,
9301,
9302,
9303,
9304,1115.0
9305,
9306,
9307,
9308,
9309,
9310,
9311,
9312,
9313,7931.0
9314,
9315,
9316,2418.0
9317,
9318,
9319,
9320,
9321,2340.0
9322,
9323,
9324,
9325,
9326,8492.0
9327,
9328,5728.0
9329,
9330,
9331,
9332,
9333,4527.0
9334,
9335,
9336,
9337,3985.0
9338,
9339,
9340,
9341,
9342,
9343,
9344,
9345,
9346,
9347,
9348,
9349,
9350,1189.0
9351,436.0
9352,
9353,4290.0
9354,
9355,
9356,
9357,
9358,
9359,
9360,
9361,8342.0
9362,
9363,
9364,
9365,
9366,4596.0
9367,
9368,
9369,
9370,
9371,
9372,
9373,
9374,
9375,
9376,
9377,
9378,
9379,
9380,
9381,2587.0
9382,1551.0
9383,
9384,
9385,
9386,
9387,
9388,
9389,
9390,361.0
9391,
9392,
9393,
9394,
9395,
9396,
9397,
9398,
9399,
9400,5011.0
9401,
9402,
9403,
9404,
9405,
9406,
9407,
9408,
9409,5216.0
9410,6349.0
9411,
9412,
9413,
9414,
9415,
9416,
9417,
9418,
9419,2378.0
9420,
9421,
9422,
9423,
9424,
9425,6582.0
9426,
9427,
9428,
9429,
9430,
9431,
9432,
9433,1236.0
9434,577.0
9435,
9436,
9437,
9438,
9439,7057.0
9440,
9441,
9442,
9443,
9444,
9445,
9446,1460.0
9447,6463.0
9448,
9449,
9450,
9451,
9452,
9453,
9454,
9455,
9456,4154.0
9457,7767.0
9458,
9459,
9460,
9461,
9462,6376.0
9463,
9464,
9465,
9466,
9467,
9468,
9469,9726.0
9470,3187.0
9471,
9472,3766.0
9473,
9474,
9475,
9476,
9477,8826.0
9478,
9479,
9480,
9481,674.0
9482,
9483,
9484,
9485,9982.0
9486,
9487,
9488,5321.0
9489,
9490,
9491,
9492,
9493,
9494,1161.0
9495,
9496,9160.0
9497,4077.0
9498,
9499,
9500,
9501,
9502,4441.0
9503,
9504,
9505,
9506,
9507,
9508,
9509,
9510,
9511,9043.0
9512,
9513,
9514,
9515,
9516,6010.0
9517,
9518,
9519,
9520,
9521,
9522,
9523,
9524,
9525,3218.0
9526,
9527,
9528,
9529,
9530,5922.0
9531,1743.0
9532,
9533,
9534,5706.0
9535,
9536,
9537,7301.0
9538,
9539,8687.0
9540,
9541,
9542,
9543,1072.0
9544,689.0
9545,
9546,
9547,
9548,
9549,
9550,7388.0
9551,
9552,
9553,7546.0
9554,
9555,
9556,
9557,
9558,
9559,
9560,
9561,
9562,
9563,
9564,
9565,
9566,
9567,
9568,
9569,5370.0
9570,
9571,
9572,
9573,
9574,
9575,8456.0
9576,
9577,
9578,
9579,
9580,
9581,3276.0
9582,8176.0
9583,6143.0
9584,3528.0
9585,
9586,
9587,
9588,
9589,
9590,
9591,
9592,1946.0
9593,
9594,
9595,
9596,
9597,7047.0
9598,
9599,
9600,9980.0
9601,
9602,
9603,
9604,4620.0
9605,
9606,
9607,
9608,
9609,
9610,
9611,
9612,
9613,7032.0
9614,
9615,2666.0
9616,
9617,
9618,644.0
9619,
9620,
9621,
9622,
9623,
9624,9372.0
9625,
9626,
9627,
9628,
9629,
9630,
9631,
9632,
9633,
9634,
9635,642.0
9636,8249.0
9637,7732.0
9638,
9639,
9640,
9641,
9642,
9643,
9644,
9645,2891.0
9646,78.0
9647,
9648,
9649,
9650,1404.0
9651,
9652,
9653,
9654,
9655,4270.0
9656,
9657,
9658,9107.0
9659,
9660,
9661,
9662,
9663,
9664,
9665,
9666,
9667,
9668,
9669,
9670,
9671,
9672,
9673,
9674,7136.0
9675,
9676,
9677,9500.0
9678,
9679,
9680,
9681,
9682,
9683,
9684,
9685,
9686,
9687,3916.0
9688,1509.0
9689,
9690,
9691,
9692,1980.0
9693,
9694,
9695,9802.0
9696,
9697,
9698,
9699,
9700,8695.0
9701,
9702,
9703,7514.0
9704,9541.0
9705,9782.0
9706,
9707,1781.0
9708,
9709,8251.0
9710,
9711,
9712,
9713,
9714,
9715,
9716,
9717,4243.0
9718,
9719,
9720,
9721,
9722,7838.0
9723,
9724,
9725,
9726,
9727,
9728,
9729,
9730,
9731,9653.0
9732,1173.0
9733,
9734,8565.0
9735,
9736,6871.0
9737,
9738,
9739,
9740,
9741,7949.0
9742,
9743,
9744,
9745,7958.0
9746,
9747,
9748,
9749,
9750,
9751,
9752,
9753,
9754,
9755,
9756,
9757,
9758,
9759,
9760,
9761,
9762,
9763,
9764,
9765,
9766,
9767,3842.0
9768,
9769,
9770,
9771,3907.0
9772,6176.0
9773,
9774,
9775,
9776,
9777,
9778,139.0
9779,
9780,
9781,
9782,
9783,
9784,
9785,
9786,5230.0
9787,9631.0
9788,
9789,8606.0
9790,
9791,7916.0
9792,
9793,
9794,
9795,
9796,
9797,
9798,
9799,5572.0
9800,
9801,
9802,8808.0
9803,
9804,
9805,
9806,
9807,
9808,
9809,
9810,
9811,
9812,6168.0
9813,
9814,
9815,
9816,
9817,
9818,
9819,
9820,
9821,
9822,
9823,
9824,
9825,
9826,
9827,
9828,
9829,
9830,
9831,4952.0
9832,
9833,500.0
9834,
9835,
9836,
9837,
9838,6781.0
9839,
9840,
9841,
9842,
9843,124.0
9844,
9845,
9846,
9847,
9848,
9849,
9850,
9851,
9852,
9853,630.0
9854,1571.0
9855,
9856,
9857,
9858,6782.0
9859,
9860,
9861,1973.0
9862,4690.0
9863,5424.0
9864,
9865,
9866,
9867,
9868,
9869,8518.0
9870,
9871,
9872,
9873,
9874,
9875,9200.0
9876,
9877,
9878,
9879,
9880,7049.0
9881,5208.0
9882,
9883,
9884,6666.0
9885,2342.0
9886,
9887,
9888,
9889,
9890,
9891,
9892,2244.0
9893,
9894,
9895,
9896,
9897,
9898,
9899,5335.0
9900,
9901,
9902,
9903,
9904,2044.0
9905,
9906,
9907,5689.0
9908,
9909,8799.0
9910,
9911,8227.0
9912,
9913,2814.0
9914,
9915,2332.0
9916,6630.0
9917,8061.0
9918,
9919,5794.0
9920,
9921,9691.0
9922,
9923,
9924,
9925,4123.0
9926,
9927,
9928,
9929,
9930,
9931,
9932,
9933,
9934,
9935,
9936,
9937,
9938,2281.0
9939,
9940,
9941,
9942,8503.0
9943,
9944,5547.0
9945,
9946,
9947,5914.0
9948,
9949,
9950,
9951,
9952,8503.0
9953,
9954,
9955,
9956,
9957,
9958,
9959,4262.0
9960,
9961,
9962,
9963,
9964,8659.0
9965,
9966,
9967,4868.0
9968,
9969,
9970,
9971,
9972,
9973,7084.0
9974,
9975,
9976,
9977,
9978,
9979,
9980,
9981,
9982,
9983,
9984,2456.0
9985,
9986,
9987,
9988,
9989,
9990,
9991,
9992,
9993,2100.0
9994,
9995,
9996,9629.0
9997,860.0
9998,1542.0
9999,
6093,
6094,
6095,
6096,
6097,
9984,2456.0
9985,
9986,
9987,
9988,
9989,
9990,
9991,
1059,2117.0
1060,
1061,9852.0
1062,
1063,
1064,
1065,9725.0
1066,
1067,
1068,2609.0
1069,
1070,
1071,3715.0
1072,
1073,
1074,
1075,
1076,
1077,